solid OpenSCAD_Model
  facet normal -6.70421e-05 0.935472 0.353401
    outer loop
      vertex 62.3 -1.34836 4.5707
      vertex 1.01 -1.875 5.95312
      vertex 62.3 -1.34853 4.57115
    endloop
  endfacet
  facet normal 0 0.934487 0.355998
    outer loop
      vertex 1.01 -1.875 5.95312
      vertex 62.3 -1.34836 4.5707
      vertex 0.99 -1.875 5.95312
    endloop
  endfacet
  facet normal -6.74464e-05 0.935472 0.353401
    outer loop
      vertex 63.9 -1.33479 4.53508
      vertex 63 -1.34235 4.55492
      vertex 63 -1.34252 4.55537
    endloop
  endfacet
  facet normal -0.000237444 0.937994 0.34665
    outer loop
      vertex 63 -1.34235 4.55492
      vertex 63.9 -1.33479 4.53508
      vertex 63.9 -1.33462 4.53462
    endloop
  endfacet
  facet normal -6.74464e-05 0.935472 0.353401
    outer loop
      vertex 65.5 -1.32105 4.499
      vertex 64.6 -1.32861 4.51884
      vertex 64.6 -1.32878 4.51929
    endloop
  endfacet
  facet normal -6.74464e-05 0.935472 0.353401
    outer loop
      vertex 64.6 -1.32861 4.51884
      vertex 65.5 -1.32105 4.499
      vertex 65.5 -1.32088 4.49855
    endloop
  endfacet
  facet normal -0 0 1
    outer loop
      vertex 0.99 -1.875 5.95312
      vertex 1.01 -2.825 5.95312
      vertex 1.01 -1.875 5.95312
    endloop
  endfacet
  facet normal 0 0 1
    outer loop
      vertex 1.01 -2.825 5.95312
      vertex 0.99 -1.875 5.95312
      vertex 0.99 -2.825 5.95312
    endloop
  endfacet
  facet normal 0.0225423 0 0.999746
    outer loop
      vertex 1.01 -1.875 5.95312
      vertex 62.3 -2.29853 4.57115
      vertex 62.3 -1.34853 4.57115
    endloop
  endfacet
  facet normal 0.0225423 0 0.999746
    outer loop
      vertex 62.3 -2.29853 4.57115
      vertex 1.01 -1.875 5.95312
      vertex 1.01 -2.825 5.95312
    endloop
  endfacet
  facet normal 0.0225387 0 0.999746
    outer loop
      vertex 63 -1.34252 4.55537
      vertex 63.9 -2.28479 4.53508
      vertex 63.9 -1.33479 4.53508
    endloop
  endfacet
  facet normal 0.0225387 0 0.999746
    outer loop
      vertex 63.9 -2.28479 4.53508
      vertex 63 -1.34252 4.55537
      vertex 63 -2.29252 4.55537
    endloop
  endfacet
  facet normal 0.0225387 0 0.999746
    outer loop
      vertex 64.6 -1.32878 4.51929
      vertex 65.5 -2.27105 4.499
      vertex 65.5 -1.32105 4.499
    endloop
  endfacet
  facet normal 0.0225387 0 0.999746
    outer loop
      vertex 65.5 -2.27105 4.499
      vertex 64.6 -1.32878 4.51929
      vertex 64.6 -2.27878 4.51929
    endloop
  endfacet
  facet normal 0 -0.934487 -0.355998
    outer loop
      vertex 62.3 -2.29836 3.4707
      vertex 1.01 -2.825 4.85312
      vertex 0.99 -2.825 4.85312
    endloop
  endfacet
  facet normal 6.70421e-05 -0.935472 -0.353401
    outer loop
      vertex 1.01 -2.825 4.85312
      vertex 62.3 -2.29836 3.4707
      vertex 62.3 -2.29853 3.47115
    endloop
  endfacet
  facet normal 6.74464e-05 -0.935472 -0.353401
    outer loop
      vertex 63 -2.29235 3.45492
      vertex 63.9 -2.28479 3.43508
      vertex 63 -2.29252 3.45537
    endloop
  endfacet
  facet normal 6.74464e-05 -0.935472 -0.353401
    outer loop
      vertex 63.9 -2.28479 3.43508
      vertex 63 -2.29235 3.45492
      vertex 63.9 -2.28462 3.43463
    endloop
  endfacet
  facet normal 6.74464e-05 -0.935472 -0.353401
    outer loop
      vertex 64.6 -2.27861 3.41884
      vertex 65.5 -2.27105 3.399
      vertex 64.6 -2.27878 3.41929
    endloop
  endfacet
  facet normal 6.74464e-05 -0.935472 -0.353401
    outer loop
      vertex 65.5 -2.27105 3.399
      vertex 64.6 -2.27861 3.41884
      vertex 65.5 -2.27088 3.39855
    endloop
  endfacet
  facet normal 0 -1 0
    outer loop
      vertex 0.99 -2.825 4.85312
      vertex 1.01 -2.825 5.95312
      vertex 0.99 -2.825 5.95312
    endloop
  endfacet
  facet normal 0 -1 -0
    outer loop
      vertex 1.01 -2.825 5.95312
      vertex 0.99 -2.825 4.85312
      vertex 1.01 -2.825 4.85312
    endloop
  endfacet
  facet normal -1 0 0
    outer loop
      vertex 0.99 -2 4.85312
      vertex 0.99 -2.825 4.85312
      vertex 0.99 -2 5.60156
    endloop
  endfacet
  facet normal -1 0 0
    outer loop
      vertex 0.99 -2 5.60156
      vertex 0.99 -1.875 5.95312
      vertex 0.99 -1.875 5.60156
    endloop
  endfacet
  facet normal -1 0 0
    outer loop
      vertex 0.99 -2.825 5.95312
      vertex 0.99 -2 5.60156
      vertex 0.99 -2.825 4.85312
    endloop
  endfacet
  facet normal -1 0 0
    outer loop
      vertex 0.99 -2 5.60156
      vertex 0.99 -2.825 5.95312
      vertex 0.99 -1.875 5.95312
    endloop
  endfacet
  facet normal -0.00858914 0.999963 1.47687e-05
    outer loop
      vertex 62.3 -1.34836 4.5707
      vertex 3 -1.85773 5.60156
      vertex 0.99 -1.875 5.95312
    endloop
  endfacet
  facet normal -0.0085894 0.999963 0
    outer loop
      vertex 62.3 -1.34836 4.5707
      vertex 3 -1.85773 4.8078
      vertex 3 -1.85773 5.60156
    endloop
  endfacet
  facet normal -0.0085894 0.999963 0
    outer loop
      vertex 3 -1.85773 4.8078
      vertex 62.3 -1.34836 4.5707
      vertex 62.3 -1.34836 3.4707
    endloop
  endfacet
  facet normal -0.00859172 0.999963 0
    outer loop
      vertex 0.99 -1.875 5.95312
      vertex 3 -1.85773 5.60156
      vertex 0.99 -1.875 5.60156
    endloop
  endfacet
  facet normal -0.00858857 0.999963 0
    outer loop
      vertex 63.9 -1.33462 4.53462
      vertex 63 -1.34235 3.45492
      vertex 63 -1.34235 4.55492
    endloop
  endfacet
  facet normal -0.00858857 0.999963 0
    outer loop
      vertex 63 -1.34235 3.45492
      vertex 63.9 -1.33462 4.53462
      vertex 63.9 -1.33462 3.43463
    endloop
  endfacet
  facet normal -0.00858857 0.999963 0
    outer loop
      vertex 65.5 -1.32088 4.49855
      vertex 64.6 -1.32861 3.41884
      vertex 64.6 -1.32861 4.51884
    endloop
  endfacet
  facet normal -0.00858857 0.999963 0
    outer loop
      vertex 64.6 -1.32861 3.41884
      vertex 65.5 -1.32088 4.49855
      vertex 65.5 -1.32088 3.39855
    endloop
  endfacet
  facet normal 0.0085895 -0.999963 0
    outer loop
      vertex 1.01 -2.825 4.85312
      vertex 62.3 -2.29853 4.57115
      vertex 1.01 -2.825 5.95312
    endloop
  endfacet
  facet normal 0.0085895 -0.999963 0
    outer loop
      vertex 62.3 -2.29853 4.57115
      vertex 1.01 -2.825 4.85312
      vertex 62.3 -2.29853 3.47115
    endloop
  endfacet
  facet normal 0.00858857 -0.999963 0
    outer loop
      vertex 63 -2.29252 3.45537
      vertex 63.9 -2.28479 4.53508
      vertex 63 -2.29252 4.55537
    endloop
  endfacet
  facet normal 0.00858857 -0.999963 0
    outer loop
      vertex 63.9 -2.28479 4.53508
      vertex 63 -2.29252 3.45537
      vertex 63.9 -2.28479 3.43508
    endloop
  endfacet
  facet normal 0.00858857 -0.999963 0
    outer loop
      vertex 64.6 -2.27878 3.41929
      vertex 65.5 -2.27105 4.499
      vertex 64.6 -2.27878 4.51929
    endloop
  endfacet
  facet normal 0.00858857 -0.999963 0
    outer loop
      vertex 65.5 -2.27105 4.499
      vertex 64.6 -2.27878 3.41929
      vertex 65.5 -2.27105 3.399
    endloop
  endfacet
  facet normal -0.0225423 0 -0.999746
    outer loop
      vertex 62.3 -2.29836 3.4707
      vertex 3 -2 4.8078
      vertex 62.3 -1.34836 3.4707
    endloop
  endfacet
  facet normal -0.0225423 1.91784e-06 -0.999746
    outer loop
      vertex 0.99 -2.825 4.85312
      vertex 3 -2 4.8078
      vertex 62.3 -2.29836 3.4707
    endloop
  endfacet
  facet normal -0.0225415 0 -0.999746
    outer loop
      vertex 3 -2 4.8078
      vertex 0.99 -2.825 4.85312
      vertex 0.99 -2 4.85312
    endloop
  endfacet
  facet normal -0.0225423 0 -0.999746
    outer loop
      vertex 62.3 -1.34836 3.4707
      vertex 3 -2 4.8078
      vertex 3 -1.85773 4.8078
    endloop
  endfacet
  facet normal -0.0225387 -0 -0.999746
    outer loop
      vertex 63 -1.34235 3.45492
      vertex 63.9 -2.28462 3.43463
      vertex 63 -2.29235 3.45492
    endloop
  endfacet
  facet normal -0.0225387 0 -0.999746
    outer loop
      vertex 63.9 -2.28462 3.43463
      vertex 63 -1.34235 3.45492
      vertex 63.9 -1.33462 3.43463
    endloop
  endfacet
  facet normal -0.0225387 -0 -0.999746
    outer loop
      vertex 64.6 -1.32861 3.41884
      vertex 65.5 -2.27088 3.39855
      vertex 64.6 -2.27861 3.41884
    endloop
  endfacet
  facet normal -0.0225387 0 -0.999746
    outer loop
      vertex 65.5 -2.27088 3.39855
      vertex 64.6 -1.32861 3.41884
      vertex 65.5 -1.32088 3.39855
    endloop
  endfacet
  facet normal 0 -0.934487 0.355998
    outer loop
      vertex 62.3 1.34836 4.5707
      vertex 1.01 1.875 5.95312
      vertex 0.99 1.875 5.95312
    endloop
  endfacet
  facet normal -6.70421e-05 -0.935472 0.353401
    outer loop
      vertex 1.01 1.875 5.95312
      vertex 62.3 1.34836 4.5707
      vertex 62.3 1.34853 4.57115
    endloop
  endfacet
  facet normal -6.74464e-05 -0.935472 0.353401
    outer loop
      vertex 63 1.34235 4.55492
      vertex 63.9 1.33479 4.53508
      vertex 63 1.34252 4.55537
    endloop
  endfacet
  facet normal -0.000237444 -0.937994 0.34665
    outer loop
      vertex 63.9 1.33479 4.53508
      vertex 63 1.34235 4.55492
      vertex 63.9 1.33462 4.53462
    endloop
  endfacet
  facet normal -6.74464e-05 -0.935472 0.353401
    outer loop
      vertex 64.6 1.32861 4.51884
      vertex 65.5 1.32105 4.499
      vertex 64.6 1.32878 4.51929
    endloop
  endfacet
  facet normal -6.74464e-05 -0.935472 0.353401
    outer loop
      vertex 65.5 1.32105 4.499
      vertex 64.6 1.32861 4.51884
      vertex 65.5 1.32088 4.49855
    endloop
  endfacet
  facet normal 0 1 -0
    outer loop
      vertex 1.01 2.825 4.85312
      vertex 0.99 2.825 5.95312
      vertex 1.01 2.825 5.95312
    endloop
  endfacet
  facet normal 0 1 0
    outer loop
      vertex 0.99 2.825 5.95312
      vertex 1.01 2.825 4.85312
      vertex 0.99 2.825 4.85312
    endloop
  endfacet
  facet normal -0 0 1
    outer loop
      vertex 0.99 2.825 5.95312
      vertex 1.01 1.875 5.95312
      vertex 1.01 2.825 5.95312
    endloop
  endfacet
  facet normal 0 0 1
    outer loop
      vertex 1.01 1.875 5.95312
      vertex 0.99 2.825 5.95312
      vertex 0.99 1.875 5.95312
    endloop
  endfacet
  facet normal 0.0225423 -0 0.999746
    outer loop
      vertex 1.01 1.875 5.95312
      vertex 62.3 2.29853 4.57115
      vertex 1.01 2.825 5.95312
    endloop
  endfacet
  facet normal 0.0225423 0 0.999746
    outer loop
      vertex 62.3 2.29853 4.57115
      vertex 1.01 1.875 5.95312
      vertex 62.3 1.34853 4.57115
    endloop
  endfacet
  facet normal 0.0225387 -0 0.999746
    outer loop
      vertex 63 1.34252 4.55537
      vertex 63.9 2.28479 4.53508
      vertex 63 2.29252 4.55537
    endloop
  endfacet
  facet normal 0.0225387 0 0.999746
    outer loop
      vertex 63.9 2.28479 4.53508
      vertex 63 1.34252 4.55537
      vertex 63.9 1.33479 4.53508
    endloop
  endfacet
  facet normal 0.0225387 -0 0.999746
    outer loop
      vertex 64.6 1.32878 4.51929
      vertex 65.5 2.27105 4.499
      vertex 64.6 2.27878 4.51929
    endloop
  endfacet
  facet normal 0.0225387 0 0.999746
    outer loop
      vertex 65.5 2.27105 4.499
      vertex 64.6 1.32878 4.51929
      vertex 65.5 1.32105 4.499
    endloop
  endfacet
  facet normal -0.0225423 0 -0.999746
    outer loop
      vertex 3 1.85773 4.8078
      vertex 62.3 2.29836 3.4707
      vertex 62.3 1.34836 3.4707
    endloop
  endfacet
  facet normal -0.0225423 -0 -0.999746
    outer loop
      vertex 3 2 4.8078
      vertex 62.3 2.29836 3.4707
      vertex 3 1.85773 4.8078
    endloop
  endfacet
  facet normal -0.0225415 -0 -0.999746
    outer loop
      vertex 0.99 2.825 4.85312
      vertex 3 2 4.8078
      vertex 0.99 2 4.85312
    endloop
  endfacet
  facet normal -0.0225423 -1.91784e-06 -0.999746
    outer loop
      vertex 3 2 4.8078
      vertex 0.99 2.825 4.85312
      vertex 62.3 2.29836 3.4707
    endloop
  endfacet
  facet normal -0.0225387 0 -0.999746
    outer loop
      vertex 63 1.34235 3.45492
      vertex 63.9 2.28462 3.43463
      vertex 63.9 1.33462 3.43463
    endloop
  endfacet
  facet normal -0.0225387 0 -0.999746
    outer loop
      vertex 63.9 2.28462 3.43463
      vertex 63 1.34235 3.45492
      vertex 63 2.29235 3.45492
    endloop
  endfacet
  facet normal -0.0225387 0 -0.999746
    outer loop
      vertex 64.6 1.32861 3.41884
      vertex 65.5 2.27088 3.39855
      vertex 65.5 1.32088 3.39855
    endloop
  endfacet
  facet normal -0.0225387 0 -0.999746
    outer loop
      vertex 65.5 2.27088 3.39855
      vertex 64.6 1.32861 3.41884
      vertex 64.6 2.27861 3.41884
    endloop
  endfacet
  facet normal -1 0 0
    outer loop
      vertex 0.99 2 5.60156
      vertex 0.99 2.825 4.85312
      vertex 0.99 2 4.85312
    endloop
  endfacet
  facet normal -1 0 0
    outer loop
      vertex 0.99 2.825 4.85312
      vertex 0.99 2 5.60156
      vertex 0.99 2.825 5.95312
    endloop
  endfacet
  facet normal -1 0 0
    outer loop
      vertex 0.99 1.875 5.95312
      vertex 0.99 2 5.60156
      vertex 0.99 1.875 5.60156
    endloop
  endfacet
  facet normal -1 0 0
    outer loop
      vertex 0.99 2 5.60156
      vertex 0.99 1.875 5.95312
      vertex 0.99 2.825 5.95312
    endloop
  endfacet
  facet normal 0.0085895 0.999963 0
    outer loop
      vertex 62.3 2.29853 4.57115
      vertex 1.01 2.825 4.85312
      vertex 1.01 2.825 5.95312
    endloop
  endfacet
  facet normal 0.0085895 0.999963 0
    outer loop
      vertex 1.01 2.825 4.85312
      vertex 62.3 2.29853 4.57115
      vertex 62.3 2.29853 3.47115
    endloop
  endfacet
  facet normal 0.00858857 0.999963 0
    outer loop
      vertex 63.9 2.28479 4.53508
      vertex 63 2.29252 3.45537
      vertex 63 2.29252 4.55537
    endloop
  endfacet
  facet normal 0.00858857 0.999963 0
    outer loop
      vertex 63 2.29252 3.45537
      vertex 63.9 2.28479 4.53508
      vertex 63.9 2.28479 3.43508
    endloop
  endfacet
  facet normal 0.00858857 0.999963 0
    outer loop
      vertex 65.5 2.27105 4.499
      vertex 64.6 2.27878 3.41929
      vertex 64.6 2.27878 4.51929
    endloop
  endfacet
  facet normal 0.00858857 0.999963 0
    outer loop
      vertex 64.6 2.27878 3.41929
      vertex 65.5 2.27105 4.499
      vertex 65.5 2.27105 3.399
    endloop
  endfacet
  facet normal -0.00859172 -0.999963 0
    outer loop
      vertex 3 1.85773 5.60156
      vertex 0.99 1.875 5.95312
      vertex 0.99 1.875 5.60156
    endloop
  endfacet
  facet normal -0.00858914 -0.999963 1.47687e-05
    outer loop
      vertex 3 1.85773 5.60156
      vertex 62.3 1.34836 4.5707
      vertex 0.99 1.875 5.95312
    endloop
  endfacet
  facet normal -0.0085894 -0.999963 0
    outer loop
      vertex 3 1.85773 4.8078
      vertex 62.3 1.34836 4.5707
      vertex 3 1.85773 5.60156
    endloop
  endfacet
  facet normal -0.0085894 -0.999963 -0
    outer loop
      vertex 62.3 1.34836 4.5707
      vertex 3 1.85773 4.8078
      vertex 62.3 1.34836 3.4707
    endloop
  endfacet
  facet normal -0.00858857 -0.999963 0
    outer loop
      vertex 63 1.34235 3.45492
      vertex 63.9 1.33462 4.53462
      vertex 63 1.34235 4.55492
    endloop
  endfacet
  facet normal -0.00858857 -0.999963 -0
    outer loop
      vertex 63.9 1.33462 4.53462
      vertex 63 1.34235 3.45492
      vertex 63.9 1.33462 3.43463
    endloop
  endfacet
  facet normal -0.00858857 -0.999963 0
    outer loop
      vertex 64.6 1.32861 3.41884
      vertex 65.5 1.32088 4.49855
      vertex 64.6 1.32861 4.51884
    endloop
  endfacet
  facet normal -0.00858857 -0.999963 -0
    outer loop
      vertex 65.5 1.32088 4.49855
      vertex 64.6 1.32861 3.41884
      vertex 65.5 1.32088 3.39855
    endloop
  endfacet
  facet normal 6.70421e-05 0.935472 -0.353401
    outer loop
      vertex 62.3 2.29836 3.4707
      vertex 1.01 2.825 4.85312
      vertex 62.3 2.29853 3.47115
    endloop
  endfacet
  facet normal 0 0.934487 -0.355998
    outer loop
      vertex 1.01 2.825 4.85312
      vertex 62.3 2.29836 3.4707
      vertex 0.99 2.825 4.85312
    endloop
  endfacet
  facet normal 6.74464e-05 0.935472 -0.353401
    outer loop
      vertex 63.9 2.28479 3.43508
      vertex 63 2.29235 3.45492
      vertex 63 2.29252 3.45537
    endloop
  endfacet
  facet normal 6.74464e-05 0.935472 -0.353401
    outer loop
      vertex 63 2.29235 3.45492
      vertex 63.9 2.28479 3.43508
      vertex 63.9 2.28462 3.43463
    endloop
  endfacet
  facet normal 6.74464e-05 0.935472 -0.353401
    outer loop
      vertex 65.5 2.27105 3.399
      vertex 64.6 2.27861 3.41884
      vertex 64.6 2.27878 3.41929
    endloop
  endfacet
  facet normal 6.74464e-05 0.935472 -0.353401
    outer loop
      vertex 64.6 2.27861 3.41884
      vertex 65.5 2.27105 3.399
      vertex 65.5 2.27088 3.39855
    endloop
  endfacet
  facet normal -0.585259 -0.0926935 -0.805531
    outer loop
      vertex 0.324227 -1.10132 0.289966
      vertex 0.289966 -0.884999 0.289966
      vertex 0.54055 -0.884999 0.107904
    endloop
  endfacet
  facet normal -0.127087 -0.802448 0.583031
    outer loop
      vertex 0.990001 -1.58503 5.91316
      vertex 0.773678 -1.55077 5.91316
      vertex 0.990001 -1.7671 5.66257
    endloop
  endfacet
  facet normal -0.585255 -0.0926988 -0.805533
    outer loop
      vertex 0.562549 -1.02389 0.107904
      vertex 0.324227 -1.10132 0.289966
      vertex 0.54055 -0.884999 0.107904
    endloop
  endfacet
  facet normal -0.0488898 0.308646 -0.94992
    outer loop
      vertex 0.942143 1.03229 0.0121899
      vertex 0.851113 1.31245 0.107904
      vertex 0.990001 1.33445 0.107904
    endloop
  endfacet
  facet normal 0.848327 0.432269 0.305752
    outer loop
      vertex 66.94 0.628826 3.90237
      vertex 66.7236 0.845149 4.19695
      vertex 66.8489 0.599248 4.19695
    endloop
  endfacet
  facet normal -0.940444 0.148948 -0.305582
    outer loop
      vertex 0.151077 1.15758 0.54055
      vertex 0.0979924 0.947581 0.601562
      vertex 0.132223 1.16371 0.601562
    endloop
  endfacet
  facet normal -0.940448 0.148954 -0.305566
    outer loop
      vertex 0.0979924 0.947581 0.601562
      vertex 0.151077 1.15758 0.54055
      vertex 0.107904 0.884999 0.54055
    endloop
  endfacet
  facet normal -0.848381 0.432274 -0.305595
    outer loop
      vertex 0.151077 1.15758 0.54055
      vertex 0.231566 1.35868 0.601562
      vertex 0.27637 1.40348 0.54055
    endloop
  endfacet
  facet normal -0.84838 0.432275 -0.305599
    outer loop
      vertex 0.231566 1.35868 0.601562
      vertex 0.151077 1.15758 0.54055
      vertex 0.132223 1.16371 0.601562
    endloop
  endfacet
  facet normal -0.848377 -0.432273 0.305608
    outer loop
      vertex 0.231566 -1.35868 5.60156
      vertex 0.151077 -1.15758 5.66257
      vertex 0.132223 -1.16371 5.60156
    endloop
  endfacet
  facet normal -0.848379 -0.432273 0.305604
    outer loop
      vertex 0.151077 -1.15758 5.66257
      vertex 0.231566 -1.35868 5.60156
      vertex 0.27637 -1.40348 5.66257
    endloop
  endfacet
  facet normal 0.585244 -0.0925252 -0.805561
    outer loop
      vertex 66.6758 -0.542989 0.289965
      vertex 66.4594 -0.326666 0.107903
      vertex 66.71 -0.326666 0.289965
    endloop
  endfacet
  facet normal 0.0240919 0.308942 0.950776
    outer loop
      vertex 1.01 1.03987 6.19094
      vertex 62.3 0.807984 4.71325
      vertex 1.01 1.33445 6.09522
    endloop
  endfacet
  facet normal 0.024092 0.308913 0.950785
    outer loop
      vertex 62.3 0.807984 4.71325
      vertex 1.01 1.03987 6.19094
      vertex 62.3 0.513404 4.80896
    endloop
  endfacet
  facet normal 0.0240987 0.308902 0.950789
    outer loop
      vertex 63 0.67876 4.7375
      vertex 63.9 0.794241 4.67717
      vertex 63 0.801971 4.69747
    endloop
  endfacet
  facet normal 0.0240931 0.308939 0.950777
    outer loop
      vertex 63.9 0.794241 4.67717
      vertex 63 0.67876 4.7375
      vertex 63.9 0.608572 4.7375
    endloop
  endfacet
  facet normal 0.0240842 0.308913 0.950785
    outer loop
      vertex 65.5 0.780497 4.6411
      vertex 65.4694 0.486179 4.7375
      vertex 65.5 0.485917 4.73681
    endloop
  endfacet
  facet normal 0.0240885 0.308913 0.950785
    outer loop
      vertex 64.6 0.788228 4.66139
      vertex 65.4694 0.486179 4.7375
      vertex 65.5 0.780497 4.6411
    endloop
  endfacet
  facet normal 0.0240924 0.308923 0.950782
    outer loop
      vertex 65.4694 0.486179 4.7375
      vertex 64.6 0.788228 4.66139
      vertex 64.6 0.553982 4.7375
    endloop
  endfacet
  facet normal 0.848328 -0.432269 -0.305751
    outer loop
      vertex 66.94 -0.628826 0.83513
      vertex 66.7236 -0.845149 0.540549
      vertex 66.8489 -0.599248 0.540549
    endloop
  endfacet
  facet normal -0.940449 -0.148952 -0.305564
    outer loop
      vertex 0.0979924 -0.947581 0.601562
      vertex 0.0880804 -0.884999 0.601562
      vertex 0.107904 -0.884999 0.54055
    endloop
  endfacet
  facet normal -0.368843 0.723916 0.583009
    outer loop
      vertex 0.773678 1.55077 5.91316
      vertex 0.471518 1.59863 5.66257
      vertex 0.57853 1.45134 5.91316
    endloop
  endfacet
  facet normal -0.80246 -0.127094 0.583014
    outer loop
      vertex 0.289966 -0.884999 5.91316
      vertex 0.107904 -0.884999 5.66257
      vertex 0.324227 -1.10132 5.91316
    endloop
  endfacet
  facet normal 0.454106 0.890948 -0
    outer loop
      vertex 66.5847 1.11773 0.83513
      vertex 66.3122 1.25662 3.90237
      vertex 66.5847 1.11773 3.90237
    endloop
  endfacet
  facet normal 0.454106 0.890948 0
    outer loop
      vertex 66.3122 1.25662 3.90237
      vertex 66.5847 1.11773 0.83513
      vertex 66.3122 1.25662 0.83513
    endloop
  endfacet
  facet normal -0.148944 -0.94042 -0.305657
    outer loop
      vertex 0.717419 -1.72392 0.54055
      vertex 0.927419 -1.77701 0.601562
      vertex 0.711293 -1.74278 0.601562
    endloop
  endfacet
  facet normal -0.148977 -0.940445 -0.305564
    outer loop
      vertex 0.927419 -1.77701 0.601562
      vertex 0.717419 -1.72392 0.54055
      vertex 0.990001 -1.7671 0.54055
    endloop
  endfacet
  facet normal -0.527969 -0.269011 -0.805532
    outer loop
      vertex 0.42366 -1.29647 0.289966
      vertex 0.324227 -1.10132 0.289966
      vertex 0.626388 -1.14918 0.107904
    endloop
  endfacet
  facet normal 0.27838 0.141874 -0.949935
    outer loop
      vertex 66.2 0.417233 0.0310866
      vertex 66.4375 0.465553 0.107903
      vertex 66.2 0.388401 0.0267805
    endloop
  endfacet
  facet normal 0.278359 0.141964 -0.949928
    outer loop
      vertex 66.4375 0.465553 0.107903
      vertex 66.2 0.417233 0.0310866
      vertex 66.3736 0.590846 0.107903
    endloop
  endfacet
  facet normal -0.848377 0.432273 0.305608
    outer loop
      vertex 0.151077 1.15758 5.66257
      vertex 0.231566 1.35868 5.60156
      vertex 0.132223 1.16371 5.60156
    endloop
  endfacet
  facet normal -0.848379 0.432273 0.305604
    outer loop
      vertex 0.231566 1.35868 5.60156
      vertex 0.151077 1.15758 5.66257
      vertex 0.27637 1.40348 5.66257
    endloop
  endfacet
  facet normal -0.092691 0.585265 -0.805527
    outer loop
      vertex 0.990001 1.33445 0.107904
      vertex 0.773678 1.55077 0.289966
      vertex 0.990001 1.58503 0.289966
    endloop
  endfacet
  facet normal 0.940486 0.148779 0.305535
    outer loop
      vertex 66.94 0.628826 3.90237
      vertex 66.8921 0.326666 4.19695
      vertex 66.9878 0.326666 3.90237
    endloop
  endfacet
  facet normal -0.148925 0.940466 0.305524
    outer loop
      vertex 0.990001 1.78692 5.60156
      vertex 0.927419 1.77701 5.60156
      vertex 0.990001 1.7671 5.66257
    endloop
  endfacet
  facet normal -0.0488876 -0.308663 0.949914
    outer loop
      vertex 0.990001 -1.03987 6.19094
      vertex 0.942143 -1.03229 6.19094
      vertex 0.990001 -1.33445 6.09522
    endloop
  endfacet
  facet normal -0.141879 0.27845 0.949914
    outer loop
      vertex 0.851113 1.31245 6.09522
      vertex 0.725821 1.24861 6.09522
      vertex 0.942143 1.03229 6.19094
    endloop
  endfacet
  facet normal 0.432265 -0.848384 -0.305598
    outer loop
      vertex 66.3122 -1.25662 0.83513
      vertex 66.2826 -1.16559 0.540549
      vertex 66.5285 -1.0403 0.540549
    endloop
  endfacet
  facet normal -0.127117 -0.802451 -0.583021
    outer loop
      vertex 0.990001 -1.7671 0.54055
      vertex 0.717419 -1.72392 0.54055
      vertex 0.773678 -1.55077 0.289966
    endloop
  endfacet
  facet normal -0.585255 -0.0926929 0.805534
    outer loop
      vertex 0.54055 -0.884999 6.09522
      vertex 0.289966 -0.884999 5.91316
      vertex 0.324227 -1.10132 5.91316
    endloop
  endfacet
  facet normal -0.940441 0.148947 0.305591
    outer loop
      vertex 0.0979924 0.947581 5.60156
      vertex 0.151077 1.15758 5.66257
      vertex 0.132223 1.16371 5.60156
    endloop
  endfacet
  facet normal -0.940445 0.148953 0.305575
    outer loop
      vertex 0.151077 1.15758 5.66257
      vertex 0.0979924 0.947581 5.60156
      vertex 0.107904 0.884999 5.66257
    endloop
  endfacet
  facet normal -0.368845 -0.723915 0.583011
    outer loop
      vertex 0.773678 -1.55077 5.91316
      vertex 0.471518 -1.59863 5.66257
      vertex 0.717419 -1.72392 5.66257
    endloop
  endfacet
  facet normal -0.809014 0 -0.58779
    outer loop
      vertex 0.289966 -0.884999 0.289966
      vertex 0.107904 0.884999 0.54055
      vertex 0.289966 0.884999 0.289966
    endloop
  endfacet
  facet normal -0.809014 -0 -0.58779
    outer loop
      vertex 0.107904 0.884999 0.54055
      vertex 0.289966 -0.884999 0.289966
      vertex 0.107904 -0.884999 0.54055
    endloop
  endfacet
  facet normal -0.802453 -0.127093 -0.583023
    outer loop
      vertex 0.324227 -1.10132 0.289966
      vertex 0.107904 -0.884999 0.54055
      vertex 0.289966 -0.884999 0.289966
    endloop
  endfacet
  facet normal 0.00504889 -0.587788 -0.808999
    outer loop
      vertex 1.01 -1.33445 0.107904
      vertex 62.3 -1.05857 0.289965
      vertex 1.01 -1.58503 0.289966
    endloop
  endfacet
  facet normal 0.00504886 -0.587777 -0.809007
    outer loop
      vertex 62.3 -1.05857 0.289965
      vertex 1.01 -1.33445 0.107904
      vertex 62.3 -0.807984 0.107904
    endloop
  endfacet
  facet normal 0.00504831 -0.587772 -0.809011
    outer loop
      vertex 63 -0.801971 0.107904
      vertex 63.9 -1.04483 0.289965
      vertex 63 -1.05256 0.289965
    endloop
  endfacet
  facet normal 0.00504831 -0.587772 -0.809011
    outer loop
      vertex 63.9 -1.04483 0.289965
      vertex 63 -0.801971 0.107904
      vertex 63.9 -0.794241 0.107904
    endloop
  endfacet
  facet normal 0.0050484 -0.587783 -0.809003
    outer loop
      vertex 64.6 -0.788228 0.107904
      vertex 65.5 -1.03108 0.289965
      vertex 64.6 -1.03881 0.289965
    endloop
  endfacet
  facet normal 0.00504816 -0.587784 -0.809002
    outer loop
      vertex 65.5 -1.03108 0.289965
      vertex 64.6 -0.788228 0.107904
      vertex 65.5 -0.780497 0.107903
    endloop
  endfacet
  facet normal 0.127071 -0.80245 0.583033
    outer loop
      vertex 66.2826 -1.16559 4.19695
      vertex 66.2 -1.01876 4.41704
      vertex 66.2 -1.17867 4.19695
    endloop
  endfacet
  facet normal 0.127138 -0.80243 0.583045
    outer loop
      vertex 66.2 -1.01876 4.41704
      vertex 66.2826 -1.16559 4.19695
      vertex 66.2263 -0.992439 4.44753
    endloop
  endfacet
  facet normal -0.418988 -0.419001 -0.805535
    outer loop
      vertex 0.57853 -1.45134 0.289966
      vertex 0.626388 -1.14918 0.107904
      vertex 0.725821 -1.24861 0.107904
    endloop
  endfacet
  facet normal -0.418998 -0.418998 -0.805532
    outer loop
      vertex 0.626388 -1.14918 0.107904
      vertex 0.57853 -1.45134 0.289966
      vertex 0.42366 -1.29647 0.289966
    endloop
  endfacet
  facet normal -0.585259 0.0926935 -0.805531
    outer loop
      vertex 0.54055 0.884999 0.107904
      vertex 0.289966 0.884999 0.289966
      vertex 0.324227 1.10132 0.289966
    endloop
  endfacet
  facet normal -0.723904 0.36885 -0.58302
    outer loop
      vertex 0.324227 1.10132 0.289966
      vertex 0.151077 1.15758 0.54055
      vertex 0.27637 1.40348 0.54055
    endloop
  endfacet
  facet normal -1.46577e-08 0 -1
    outer loop
      vertex 62.3 0.448316 0.012189
      vertex 0.898971 1.01029 0.0121899
      vertex 62.3 0.482872 0.012189
    endloop
  endfacet
  facet normal -1.45248e-08 1.45252e-08 -1
    outer loop
      vertex 0.898971 1.01029 0.0121899
      vertex 62.3 0.448316 0.012189
      vertex 0.864709 0.976029 0.0121899
    endloop
  endfacet
  facet normal -1.11111e-07 0 -1
    outer loop
      vertex 63 0.442303 0.012189
      vertex 63.9 0.469128 0.0121889
      vertex 63.9 0.434572 0.0121889
    endloop
  endfacet
  facet normal -1.11111e-07 0 -1
    outer loop
      vertex 63.9 0.469128 0.0121889
      vertex 63 0.442303 0.012189
      vertex 63 0.476859 0.012189
    endloop
  endfacet
  facet normal 0 0 -1
    outer loop
      vertex 64.6 0.42856 0.0121889
      vertex 65.5 0.455385 0.0121889
      vertex 65.5 0.420829 0.0121889
    endloop
  endfacet
  facet normal -0 0 -1
    outer loop
      vertex 65.5 0.455385 0.0121889
      vertex 64.6 0.42856 0.0121889
      vertex 64.6 0.463116 0.0121889
    endloop
  endfacet
  facet normal 0.00265436 0.309016 -0.951053
    outer loop
      vertex 1.01 1.03987 0.0121899
      vertex 62.3 0.807984 0.107904
      vertex 62.3 0.513404 0.012189
    endloop
  endfacet
  facet normal 0.00265435 0.309014 -0.951054
    outer loop
      vertex 62.3 0.807984 0.107904
      vertex 1.01 1.03987 0.0121899
      vertex 1.01 1.33445 0.107904
    endloop
  endfacet
  facet normal 0.00265434 0.309016 -0.951053
    outer loop
      vertex 63 0.507391 0.012189
      vertex 63.9 0.794241 0.107904
      vertex 63.9 0.49966 0.0121889
    endloop
  endfacet
  facet normal 0.00265411 0.309016 -0.951053
    outer loop
      vertex 63.9 0.794241 0.107904
      vertex 63 0.507391 0.012189
      vertex 63 0.801971 0.107904
    endloop
  endfacet
  facet normal 0.00265408 0.309014 -0.951054
    outer loop
      vertex 64.6 0.493647 0.0121889
      vertex 65.5 0.780497 0.107903
      vertex 65.5 0.485917 0.0121889
    endloop
  endfacet
  facet normal 0.00265339 0.309016 -0.951053
    outer loop
      vertex 65.5 0.780497 0.107903
      vertex 64.6 0.493647 0.0121889
      vertex 64.6 0.788228 0.107904
    endloop
  endfacet
  facet normal 0.127203 0.802458 -0.582993
    outer loop
      vertex 66.2263 0.992439 0.289965
      vertex 66.2 0.996608 0.289965
      vertex 66.2 1.01876 0.320456
    endloop
  endfacet
  facet normal 0.368827 0.723877 0.583068
    outer loop
      vertex 66.2826 1.16559 4.19695
      vertex 66.2263 0.992439 4.44753
      vertex 66.5285 1.0403 4.19695
    endloop
  endfacet
  facet normal 0 0.809008 0.587797
    outer loop
      vertex 1.01 1.7671 5.66257
      vertex 0.990001 1.58503 5.91316
      vertex 1.01 1.58503 5.91316
    endloop
  endfacet
  facet normal 0 0.809008 0.587797
    outer loop
      vertex 0.990001 1.58503 5.91316
      vertex 1.01 1.7671 5.66257
      vertex 0.990001 1.7671 5.66257
    endloop
  endfacet
  facet normal 0 -0.809008 0.587797
    outer loop
      vertex 0.990001 -1.7671 5.66257
      vertex 1.01 -1.58503 5.91316
      vertex 0.990001 -1.58503 5.91316
    endloop
  endfacet
  facet normal 0 -0.809008 0.587797
    outer loop
      vertex 1.01 -1.58503 5.91316
      vertex 0.990001 -1.7671 5.66257
      vertex 1.01 -1.7671 5.66257
    endloop
  endfacet
  facet normal 0.802415 -0.126859 0.583126
    outer loop
      vertex 66.71 -0.326666 4.44753
      vertex 66.6758 -0.542989 4.44753
      vertex 66.8921 -0.326666 4.19695
    endloop
  endfacet
  facet normal 0.723959 -0.368897 -0.582923
    outer loop
      vertex 66.7236 -0.845149 0.540549
      vertex 66.6758 -0.542989 0.289965
      vertex 66.8489 -0.599248 0.540549
    endloop
  endfacet
  facet normal 0.802514 -0.127186 -0.58292
    outer loop
      vertex 66.8489 -0.599248 0.540549
      vertex 66.6758 -0.542989 0.289965
      vertex 66.8921 -0.326666 0.540549
    endloop
  endfacet
  facet normal 0.940367 0.149034 0.305776
    outer loop
      vertex 66.94 0.628826 3.90237
      vertex 66.8489 0.599248 4.19695
      vertex 66.8921 0.326666 4.19695
    endloop
  endfacet
  facet normal 0.706979 -0.707234 0
    outer loop
      vertex 66.5847 -1.11773 0.83513
      vertex 66.8011 -0.901408 3.90237
      vertex 66.5847 -1.11773 3.90237
    endloop
  endfacet
  facet normal 0.706979 -0.707234 0
    outer loop
      vertex 66.8011 -0.901408 3.90237
      vertex 66.5847 -1.11773 0.83513
      vertex 66.8011 -0.901408 0.83513
    endloop
  endfacet
  facet normal 0.308698 -0.0490055 0.949897
    outer loop
      vertex 66.2 -0.326666 4.7139
      vertex 66.2 -0.367759 4.71178
      vertex 66.4594 -0.326666 4.6296
    endloop
  endfacet
  facet normal 0.278426 0.14186 0.949923
    outer loop
      vertex 66.2 0.464709 4.69932
      vertex 66.2 0.417233 4.70641
      vertex 66.3736 0.590846 4.6296
    endloop
  endfacet
  facet normal 0.0081692 -0.951026 -0.309002
    outer loop
      vertex 3 -1.76983 0.601562
      vertex 62.3 -1.33634 0.83513
      vertex 3 -1.84572 0.835131
    endloop
  endfacet
  facet normal 0.00816914 -0.951026 -0.309003
    outer loop
      vertex 62.3 -1.24063 0.540549
      vertex 3 -1.76983 0.601562
      vertex 1.01 -1.7671 0.54055
    endloop
  endfacet
  facet normal 0.00816918 -0.95103 -0.308992
    outer loop
      vertex 3 -1.76983 0.601562
      vertex 62.3 -1.24063 0.540549
      vertex 62.3 -1.33634 0.83513
    endloop
  endfacet
  facet normal 0.0081675 -0.951043 -0.30895
    outer loop
      vertex 1.01 -1.78692 0.601562
      vertex 1.01 -1.7671 0.54055
      vertex 3 -1.76983 0.601562
    endloop
  endfacet
  facet normal 0.00816829 -0.95103 -0.308992
    outer loop
      vertex 63 -1.23462 0.540549
      vertex 63.9 -1.3226 0.83513
      vertex 63 -1.33033 0.83513
    endloop
  endfacet
  facet normal 0.00816829 -0.95103 -0.308992
    outer loop
      vertex 63.9 -1.3226 0.83513
      vertex 63 -1.23462 0.540549
      vertex 63.9 -1.22689 0.540549
    endloop
  endfacet
  facet normal 0.00816821 -0.95102 -0.309021
    outer loop
      vertex 64.6 -1.22087 0.540549
      vertex 65.5 -1.30886 0.83513
      vertex 64.6 -1.31659 0.83513
    endloop
  endfacet
  facet normal 0.00816821 -0.95102 -0.309021
    outer loop
      vertex 65.5 -1.30886 0.83513
      vertex 64.6 -1.22087 0.540549
      vertex 65.5 -1.21314 0.540549
    endloop
  endfacet
  facet normal -0.36884 -0.72391 -0.583018
    outer loop
      vertex 0.773678 -1.55077 0.289966
      vertex 0.471518 -1.59863 0.54055
      vertex 0.57853 -1.45134 0.289966
    endloop
  endfacet
  facet normal -0.723908 -0.368846 -0.583017
    outer loop
      vertex 0.42366 -1.29647 0.289966
      vertex 0.27637 -1.40348 0.54055
      vertex 0.324227 -1.10132 0.289966
    endloop
  endfacet
  facet normal -0.220974 -0.220981 0.949915
    outer loop
      vertex 0.864709 -0.976029 6.19094
      vertex 0.725821 -1.24861 6.09522
      vertex 0.898971 -1.01029 6.19094
    endloop
  endfacet
  facet normal -0.220974 -0.220981 0.949915
    outer loop
      vertex 0.725821 -1.24861 6.09522
      vertex 0.864709 -0.976029 6.19094
      vertex 0.626388 -1.14918 6.09522
    endloop
  endfacet
  facet normal -0.14189 -0.278439 0.949915
    outer loop
      vertex 0.898971 -1.01029 6.19094
      vertex 0.725821 -1.24861 6.09522
      vertex 0.942143 -1.03229 6.19094
    endloop
  endfacet
  facet normal -0.940446 0.148952 0.305573
    outer loop
      vertex 0.0979924 0.947581 5.60156
      vertex 0.0880804 0.884999 5.60156
      vertex 0.107904 0.884999 5.66257
    endloop
  endfacet
  facet normal -0.809021 0 0.58778
    outer loop
      vertex 0.107904 -0.884999 5.66257
      vertex 0.289966 0.884999 5.91316
      vertex 0.107904 0.884999 5.66257
    endloop
  endfacet
  facet normal -0.809021 0 0.58778
    outer loop
      vertex 0.289966 0.884999 5.91316
      vertex 0.107904 -0.884999 5.66257
      vertex 0.289966 -0.884999 5.91316
    endloop
  endfacet
  facet normal -0.527965 0.269009 0.805535
    outer loop
      vertex 0.42366 1.29647 5.91316
      vertex 0.324227 1.10132 5.91316
      vertex 0.626388 1.14918 6.09522
    endloop
  endfacet
  facet normal -0.951058 0 -0.309011
    outer loop
      vertex 0.107904 -0.884999 0.54055
      vertex 0.0880804 0.884999 0.601562
      vertex 0.107904 0.884999 0.54055
    endloop
  endfacet
  facet normal -0.951058 -0 -0.309011
    outer loop
      vertex 0.0880804 0.884999 0.601562
      vertex 0.107904 -0.884999 0.54055
      vertex 0.0880804 -0.884999 0.601562
    endloop
  endfacet
  facet normal -0.141871 -0.278434 -0.949919
    outer loop
      vertex 0.851113 -1.31245 0.107904
      vertex 0.725821 -1.24861 0.107904
      vertex 0.942143 -1.03229 0.0121899
    endloop
  endfacet
  facet normal -0.527969 -0.269016 -0.80553
    outer loop
      vertex 0.626388 -1.14918 0.107904
      vertex 0.324227 -1.10132 0.289966
      vertex 0.562549 -1.02389 0.107904
    endloop
  endfacet
  facet normal -1.46795e-08 0 -1
    outer loop
      vertex 62.3 0.505241 0.012189
      vertex 0.990001 1.03987 0.0121899
      vertex 62.3 0.513232 0.012189
    endloop
  endfacet
  facet normal -1.39135e-08 8.78458e-08 -1
    outer loop
      vertex 0.990001 1.03987 0.0121899
      vertex 62.3 0.505241 0.012189
      vertex 0.942143 1.03229 0.0121899
    endloop
  endfacet
  facet normal -1.11111e-07 0 -1
    outer loop
      vertex 63 0.499228 0.012189
      vertex 63.9 0.499488 0.0121889
      vertex 63.9 0.491498 0.0121889
    endloop
  endfacet
  facet normal -1.11111e-07 0 -1
    outer loop
      vertex 63.9 0.499488 0.0121889
      vertex 63 0.499228 0.012189
      vertex 63 0.507219 0.012189
    endloop
  endfacet
  facet normal 0 0 -1
    outer loop
      vertex 64.6 0.485485 0.0121889
      vertex 65.5 0.485745 0.0121889
      vertex 65.5 0.477754 0.0121889
    endloop
  endfacet
  facet normal -0 0 -1
    outer loop
      vertex 65.5 0.485745 0.0121889
      vertex 64.6 0.485485 0.0121889
      vertex 64.6 0.493476 0.0121889
    endloop
  endfacet
  facet normal -0.0927051 -0.585256 -0.805532
    outer loop
      vertex 0.990001 -1.33445 0.107904
      vertex 0.773678 -1.55077 0.289966
      vertex 0.851113 -1.31245 0.107904
    endloop
  endfacet
  facet normal 0.80242 -0.12686 -0.58312
    outer loop
      vertex 66.8921 -0.326666 0.540549
      vertex 66.6758 -0.542989 0.289965
      vertex 66.71 -0.326666 0.289965
    endloop
  endfacet
  facet normal -0.802461 -0.127099 0.583011
    outer loop
      vertex 0.324227 -1.10132 5.91316
      vertex 0.107904 -0.884999 5.66257
      vertex 0.151077 -1.15758 5.66257
    endloop
  endfacet
  facet normal -0.269006 -0.527968 -0.805534
    outer loop
      vertex 0.773678 -1.55077 0.289966
      vertex 0.57853 -1.45134 0.289966
      vertex 0.725821 -1.24861 0.107904
    endloop
  endfacet
  facet normal -0.527969 0.269011 -0.805532
    outer loop
      vertex 0.626388 1.14918 0.107904
      vertex 0.324227 1.10132 0.289966
      vertex 0.42366 1.29647 0.289966
    endloop
  endfacet
  facet normal -0.585255 0.0926988 -0.805533
    outer loop
      vertex 0.54055 0.884999 0.107904
      vertex 0.324227 1.10132 0.289966
      vertex 0.562549 1.02389 0.107904
    endloop
  endfacet
  facet normal -0.848373 0.432317 -0.305558
    outer loop
      vertex 0.27637 1.40348 0.54055
      vertex 0.231566 1.35868 0.601562
      vertex 0.260332 1.41513 0.601562
    endloop
  endfacet
  facet normal -0.368842 0.723909 -0.58302
    outer loop
      vertex 0.773678 1.55077 0.289966
      vertex 0.471518 1.59863 0.54055
      vertex 0.717419 1.72392 0.54055
    endloop
  endfacet
  facet normal 0 0.309015 -0.951057
    outer loop
      vertex 0.990001 1.03987 0.0121899
      vertex 1.01 1.33445 0.107904
      vertex 1.01 1.03987 0.0121899
    endloop
  endfacet
  facet normal 0 0.309015 -0.951057
    outer loop
      vertex 1.01 1.33445 0.107904
      vertex 0.990001 1.03987 0.0121899
      vertex 0.990001 1.33445 0.107904
    endloop
  endfacet
  facet normal 0.220982 -0.220909 -0.94993
    outer loop
      vertex 66.2 -0.588179 0.0668982
      vertex 66.3736 -0.590846 0.107903
      vertex 66.2742 -0.690279 0.107903
    endloop
  endfacet
  facet normal 0.220978 -0.220965 -0.949917
    outer loop
      vertex 66.3736 -0.590846 0.107903
      vertex 66.2 -0.588179 0.0668982
      vertex 66.2 -0.464709 0.0381772
    endloop
  endfacet
  facet normal -0.127117 0.802451 -0.583021
    outer loop
      vertex 0.773678 1.55077 0.289966
      vertex 0.717419 1.72392 0.54055
      vertex 0.990001 1.7671 0.54055
    endloop
  endfacet
  facet normal -0.72391 0.368853 0.583011
    outer loop
      vertex 0.27637 1.40348 5.66257
      vertex 0.151077 1.15758 5.66257
      vertex 0.324227 1.10132 5.91316
    endloop
  endfacet
  facet normal 0.00858957 -0.999963 0
    outer loop
      vertex 3 -1.84572 0.835131
      vertex 62.3 -1.33634 3.98602
      vertex 3 -1.84572 5.32312
    endloop
  endfacet
  facet normal 0.00858957 -0.999963 0
    outer loop
      vertex 62.3 -1.33634 3.98602
      vertex 3 -1.84572 0.835131
      vertex 62.3 -1.33634 0.83513
    endloop
  endfacet
  facet normal 0.00858857 -0.999963 0
    outer loop
      vertex 63 -1.33033 0.83513
      vertex 63.9 -1.3226 3.94995
      vertex 63 -1.33033 3.97024
    endloop
  endfacet
  facet normal 0.00858857 -0.999963 0
    outer loop
      vertex 63.9 -1.3226 3.94995
      vertex 63 -1.33033 0.83513
      vertex 63.9 -1.3226 0.83513
    endloop
  endfacet
  facet normal 0.00858857 -0.999963 0
    outer loop
      vertex 64.6 -1.31659 0.83513
      vertex 65.5 -1.30886 3.91387
      vertex 64.6 -1.31659 3.93416
    endloop
  endfacet
  facet normal 0.00858857 -0.999963 0
    outer loop
      vertex 65.5 -1.30886 3.91387
      vertex 64.6 -1.31659 0.83513
      vertex 65.5 -1.30886 0.83513
    endloop
  endfacet
  facet normal 0.940486 0.14878 -0.305534
    outer loop
      vertex 66.9878 0.326666 0.83513
      vertex 66.8921 0.326666 0.540549
      vertex 66.94 0.628826 0.83513
    endloop
  endfacet
  facet normal 0.127138 0.80243 0.583045
    outer loop
      vertex 66.2826 1.16559 4.19695
      vertex 66.2 1.01876 4.41704
      vertex 66.2263 0.992439 4.44753
    endloop
  endfacet
  facet normal 0.127071 0.80245 0.583033
    outer loop
      vertex 66.2 1.01876 4.41704
      vertex 66.2826 1.16559 4.19695
      vertex 66.2 1.17867 4.19695
    endloop
  endfacet
  facet normal 0.368772 -0.723948 0.583015
    outer loop
      vertex 66.4215 -0.893006 4.44753
      vertex 66.2263 -0.992439 4.44753
      vertex 66.5285 -1.0403 4.19695
    endloop
  endfacet
  facet normal 0.26908 0.528009 0.805483
    outer loop
      vertex 66.2 0.911428 4.50942
      vertex 66.2742 0.690279 4.6296
      vertex 66.2263 0.992439 4.44753
    endloop
  endfacet
  facet normal 0.26895 0.527994 0.805536
    outer loop
      vertex 66.2742 0.690279 4.6296
      vertex 66.2 0.911428 4.50942
      vertex 66.2 0.728075 4.6296
    endloop
  endfacet
  facet normal 0.368772 0.723948 0.583015
    outer loop
      vertex 66.5285 1.0403 4.19695
      vertex 66.2263 0.992439 4.44753
      vertex 66.4215 0.893006 4.44753
    endloop
  endfacet
  facet normal 0.432265 -0.848384 0.305599
    outer loop
      vertex 66.5285 -1.0403 4.19695
      vertex 66.2826 -1.16559 4.19695
      vertex 66.3122 -1.25662 3.90237
    endloop
  endfacet
  facet normal -0.585251 0.0926982 0.805536
    outer loop
      vertex 0.562549 1.02389 6.09522
      vertex 0.324227 1.10132 5.91316
      vertex 0.54055 0.884999 6.09522
    endloop
  endfacet
  facet normal 0.0225745 0.00376533 0.999738
    outer loop
      vertex 62.3 0.407656 4.81228
      vertex 1.16487 0.884999 6.19094
      vertex 62.3 0.359864 4.81246
    endloop
  endfacet
  facet normal 0.0225731 0.00357524 0.999739
    outer loop
      vertex 1.16487 0.884999 6.19094
      vertex 62.3 0.407656 4.81228
      vertex 1.15729 0.932857 6.19094
    endloop
  endfacet
  facet normal 0.987717 -0.156251 0
    outer loop
      vertex 66.94 -0.628826 3.90237
      vertex 66.9878 -0.326666 0.83513
      vertex 66.9878 -0.326666 3.90237
    endloop
  endfacet
  facet normal 0.987717 -0.156251 0
    outer loop
      vertex 66.9878 -0.326666 0.83513
      vertex 66.94 -0.628826 3.90237
      vertex 66.94 -0.628826 0.83513
    endloop
  endfacet
  facet normal 0.148868 -0.940481 -0.305506
    outer loop
      vertex 66.3122 -1.25662 0.83513
      vertex 66.2 -1.27438 0.83513
      vertex 66.2 -1.23886 0.725784
    endloop
  endfacet
  facet normal -0.951055 0 0.309021
    outer loop
      vertex 0.0880804 -0.884999 5.60156
      vertex 0.107904 0.884999 5.66257
      vertex 0.0880804 0.884999 5.60156
    endloop
  endfacet
  facet normal -0.951055 0 0.309021
    outer loop
      vertex 0.107904 0.884999 5.66257
      vertex 0.0880804 -0.884999 5.60156
      vertex 0.107904 -0.884999 5.66257
    endloop
  endfacet
  facet normal -0.673294 -0.673287 -0.305548
    outer loop
      vertex 0.471518 -1.59863 0.54055
      vertex 0.260332 -1.41513 0.601562
      vertex 0.27637 -1.40348 0.54055
    endloop
  endfacet
  facet normal -0.673291 -0.673268 -0.305597
    outer loop
      vertex 0.260332 -1.41513 0.601562
      vertex 0.471518 -1.59863 0.54055
      vertex 0.459865 -1.61467 0.601562
    endloop
  endfacet
  facet normal -0.940446 -0.148952 0.305573
    outer loop
      vertex 0.107904 -0.884999 5.66257
      vertex 0.0880804 -0.884999 5.60156
      vertex 0.0979924 -0.947581 5.60156
    endloop
  endfacet
  facet normal -0.940449 0.148952 -0.305564
    outer loop
      vertex 0.107904 0.884999 0.54055
      vertex 0.0880804 0.884999 0.601562
      vertex 0.0979924 0.947581 0.601562
    endloop
  endfacet
  facet normal -0.802455 0.127098 -0.58302
    outer loop
      vertex 0.324227 1.10132 0.289966
      vertex 0.107904 0.884999 0.54055
      vertex 0.151077 1.15758 0.54055
    endloop
  endfacet
  facet normal -0.269015 -0.527968 -0.805531
    outer loop
      vertex 0.773678 -1.55077 0.289966
      vertex 0.725821 -1.24861 0.107904
      vertex 0.851113 -1.31245 0.107904
    endloop
  endfacet
  facet normal -0.0488898 -0.308646 -0.94992
    outer loop
      vertex 0.990001 -1.33445 0.107904
      vertex 0.851113 -1.31245 0.107904
      vertex 0.942143 -1.03229 0.0121899
    endloop
  endfacet
  facet normal -0.308645 -0.0488783 -0.949921
    outer loop
      vertex 0.84271 -0.932857 0.0121899
      vertex 0.54055 -0.884999 0.107904
      vertex 0.835131 -0.884999 0.0121899
    endloop
  endfacet
  facet normal -1.46443e-08 0 -1
    outer loop
      vertex 62.3 0.357032 0.012189
      vertex 0.84271 0.932857 0.0121899
      vertex 62.3 0.404954 0.012189
    endloop
  endfacet
  facet normal -1.46226e-08 2.3157e-09 -1
    outer loop
      vertex 0.84271 0.932857 0.0121899
      vertex 62.3 0.357032 0.012189
      vertex 0.835131 0.884999 0.0121899
    endloop
  endfacet
  facet normal -1.11111e-07 0 -1
    outer loop
      vertex 63 0.351019 0.012189
      vertex 63.9 0.391211 0.0121889
      vertex 63.9 0.343288 0.0121889
    endloop
  endfacet
  facet normal -1.11111e-07 0 -1
    outer loop
      vertex 63.9 0.391211 0.0121889
      vertex 63 0.351019 0.012189
      vertex 63 0.398941 0.012189
    endloop
  endfacet
  facet normal 0 0 -1
    outer loop
      vertex 64.6 0.337275 0.0121889
      vertex 65.5 0.377467 0.0121889
      vertex 65.5 0.329545 0.0121889
    endloop
  endfacet
  facet normal -0 0 -1
    outer loop
      vertex 65.5 0.377467 0.0121889
      vertex 64.6 0.337275 0.0121889
      vertex 64.6 0.385198 0.0121889
    endloop
  endfacet
  facet normal 0.0927749 -0.585267 -0.805515
    outer loop
      vertex 66.2263 -0.992439 0.289965
      vertex 66.2 -0.996608 0.289965
      vertex 66.2 -0.966117 0.267811
    endloop
  endfacet
  facet normal -1.46496e-08 0 -1
    outer loop
      vertex 0.864709 -0.976029 0.0121899
      vertex 62.3 -0.404954 0.012189
      vertex 62.3 -0.448316 0.012189
    endloop
  endfacet
  facet normal -1.45805e-08 -7.42973e-09 -1
    outer loop
      vertex 62.3 -0.404954 0.012189
      vertex 0.864709 -0.976029 0.0121899
      vertex 0.84271 -0.932857 0.0121899
    endloop
  endfacet
  facet normal -1.11111e-07 -0 -1
    outer loop
      vertex 63 -0.398941 0.012189
      vertex 63.9 -0.434572 0.0121889
      vertex 63 -0.442303 0.012189
    endloop
  endfacet
  facet normal -1.11111e-07 0 -1
    outer loop
      vertex 63.9 -0.434572 0.0121889
      vertex 63 -0.398941 0.012189
      vertex 63.9 -0.391211 0.0121889
    endloop
  endfacet
  facet normal 0 0 -1
    outer loop
      vertex 64.6 -0.385198 0.0121889
      vertex 65.5 -0.420829 0.0121889
      vertex 64.6 -0.42856 0.0121889
    endloop
  endfacet
  facet normal 0 0 -1
    outer loop
      vertex 65.5 -0.420829 0.0121889
      vertex 64.6 -0.385198 0.0121889
      vertex 65.5 -0.377467 0.0121889
    endloop
  endfacet
  facet normal -0.308645 0.0488783 -0.949921
    outer loop
      vertex 0.835131 0.884999 0.0121899
      vertex 0.54055 0.884999 0.107904
      vertex 0.84271 0.932857 0.0121899
    endloop
  endfacet
  facet normal 0.308698 0.0488833 -0.949903
    outer loop
      vertex 66.4594 0.326666 0.107903
      vertex 66.2 0.326666 0.0236035
      vertex 66.2 0.367759 0.0257182
    endloop
  endfacet
  facet normal -0.0488849 -0.308645 -0.94992
    outer loop
      vertex 0.990001 -1.33445 0.107904
      vertex 0.942143 -1.03229 0.0121899
      vertex 0.990001 -1.03987 0.0121899
    endloop
  endfacet
  facet normal 0 -0.309015 -0.951057
    outer loop
      vertex 0.990001 -1.33445 0.107904
      vertex 1.01 -1.03987 0.0121899
      vertex 1.01 -1.33445 0.107904
    endloop
  endfacet
  facet normal -0 -0.309015 -0.951057
    outer loop
      vertex 1.01 -1.03987 0.0121899
      vertex 0.990001 -1.33445 0.107904
      vertex 0.990001 -1.03987 0.0121899
    endloop
  endfacet
  facet normal 0 -0.951075 -0.308961
    outer loop
      vertex 0.990001 -1.7671 0.54055
      vertex 1.01 -1.78692 0.601562
      vertex 0.990001 -1.78692 0.601562
    endloop
  endfacet
  facet normal 0 -0.951075 -0.308961
    outer loop
      vertex 1.01 -1.78692 0.601562
      vertex 0.990001 -1.7671 0.54055
      vertex 1.01 -1.7671 0.54055
    endloop
  endfacet
  facet normal -0.58779 0 -0.809014
    outer loop
      vertex 0.289966 -0.884999 0.289966
      vertex 0.54055 0.884999 0.107904
      vertex 0.54055 -0.884999 0.107904
    endloop
  endfacet
  facet normal -0.58779 0 -0.809014
    outer loop
      vertex 0.54055 0.884999 0.107904
      vertex 0.289966 -0.884999 0.289966
      vertex 0.289966 0.884999 0.289966
    endloop
  endfacet
  facet normal -0.723908 0.368846 -0.583017
    outer loop
      vertex 0.324227 1.10132 0.289966
      vertex 0.27637 1.40348 0.54055
      vertex 0.42366 1.29647 0.289966
    endloop
  endfacet
  facet normal -0.432203 0.848417 -0.305597
    outer loop
      vertex 0.471518 1.59863 0.54055
      vertex 0.459865 1.61467 0.601562
      vertex 0.516321 1.64343 0.601562
    endloop
  endfacet
  facet normal 0.0927749 0.585267 -0.805515
    outer loop
      vertex 66.2263 0.992439 0.289965
      vertex 66.2 0.966117 0.267811
      vertex 66.2 0.996608 0.289965
    endloop
  endfacet
  facet normal 0.0232843 0.587632 0.808793
    outer loop
      vertex 1.01 1.33445 6.09522
      vertex 62.3 1.05857 4.53119
      vertex 1.01 1.58503 5.91316
    endloop
  endfacet
  facet normal 0.0232844 0.587623 0.8088
    outer loop
      vertex 62.3 1.05857 4.53119
      vertex 1.01 1.33445 6.09522
      vertex 62.3 0.807984 4.71325
    endloop
  endfacet
  facet normal 0.0232808 0.58764 0.808788
    outer loop
      vertex 63 0.801971 4.69747
      vertex 63.9 1.04483 4.49511
      vertex 63 1.05256 4.5154
    endloop
  endfacet
  facet normal 0.02329 0.587618 0.808803
    outer loop
      vertex 63.9 1.04483 4.49511
      vertex 63 0.801971 4.69747
      vertex 63.9 0.794241 4.67717
    endloop
  endfacet
  facet normal 0.0232899 0.587629 0.808795
    outer loop
      vertex 64.6 0.788228 4.66139
      vertex 65.5 1.03108 4.45903
      vertex 64.6 1.03881 4.47933
    endloop
  endfacet
  facet normal 0.0232814 0.587649 0.808781
    outer loop
      vertex 65.5 1.03108 4.45903
      vertex 64.6 0.788228 4.66139
      vertex 65.5 0.780497 4.6411
    endloop
  endfacet
  facet normal 0.0151351 0.950952 0.308968
    outer loop
      vertex 62.3 1.24063 4.2806
      vertex 3 1.75525 5.60156
      vertex 1.01 1.7671 5.66257
    endloop
  endfacet
  facet normal 0.0151354 0.950948 0.30898
    outer loop
      vertex 62.3 1.24063 4.2806
      vertex 3 1.84572 5.32312
      vertex 3 1.75525 5.60156
    endloop
  endfacet
  facet normal 0.0151352 0.950952 0.308967
    outer loop
      vertex 3 1.84572 5.32312
      vertex 62.3 1.24063 4.2806
      vertex 62.3 1.33634 3.98602
    endloop
  endfacet
  facet normal 0.0151342 0.950963 0.308934
    outer loop
      vertex 1.01 1.7671 5.66257
      vertex 3 1.75525 5.60156
      vertex 1.01 1.78692 5.60156
    endloop
  endfacet
  facet normal 0.0151331 0.950952 0.308967
    outer loop
      vertex 63.9 1.22689 4.24453
      vertex 63 1.33033 3.97024
      vertex 63 1.23462 4.26482
    endloop
  endfacet
  facet normal 0.0151331 0.950952 0.308967
    outer loop
      vertex 63 1.33033 3.97024
      vertex 63.9 1.22689 4.24453
      vertex 63.9 1.3226 3.94995
    endloop
  endfacet
  facet normal 0.0151337 0.950943 0.308997
    outer loop
      vertex 65.5 1.21314 4.20845
      vertex 64.6 1.31659 3.93416
      vertex 64.6 1.22087 4.22874
    endloop
  endfacet
  facet normal 0.0151337 0.950943 0.308997
    outer loop
      vertex 64.6 1.31659 3.93416
      vertex 65.5 1.21314 4.20845
      vertex 65.5 1.30886 3.91387
    endloop
  endfacet
  facet normal 0.00858957 0.999963 0
    outer loop
      vertex 62.3 1.33634 3.98602
      vertex 3 1.84572 0.835131
      vertex 3 1.84572 5.32312
    endloop
  endfacet
  facet normal 0.00858957 0.999963 0
    outer loop
      vertex 3 1.84572 0.835131
      vertex 62.3 1.33634 3.98602
      vertex 62.3 1.33634 0.83513
    endloop
  endfacet
  facet normal 0.00858857 0.999963 0
    outer loop
      vertex 63 1.33033 0.83513
      vertex 63.9 1.3226 3.94995
      vertex 63.9 1.3226 0.83513
    endloop
  endfacet
  facet normal 0.00858857 0.999963 0
    outer loop
      vertex 63.9 1.3226 3.94995
      vertex 63 1.33033 0.83513
      vertex 63 1.33033 3.97024
    endloop
  endfacet
  facet normal 0.00858857 0.999963 0
    outer loop
      vertex 64.6 1.31659 0.83513
      vertex 65.5 1.30886 3.91387
      vertex 65.5 1.30886 0.83513
    endloop
  endfacet
  facet normal 0.00858857 0.999963 0
    outer loop
      vertex 65.5 1.30886 3.91387
      vertex 64.6 1.31659 0.83513
      vertex 64.6 1.31659 3.93416
    endloop
  endfacet
  facet normal 0.527928 -0.269176 0.805503
    outer loop
      vertex 66.6758 -0.542989 4.44753
      vertex 66.3736 -0.590846 4.6296
      vertex 66.5763 -0.738136 4.44753
    endloop
  endfacet
  facet normal 0.58541 0.0923086 0.805466
    outer loop
      vertex 66.6758 0.542989 4.44753
      vertex 66.4375 0.465553 4.6296
      vertex 66.4594 0.326666 4.6296
    endloop
  endfacet
  facet normal 0.58541 -0.0923086 0.805466
    outer loop
      vertex 66.4594 -0.326666 4.6296
      vertex 66.4375 -0.465553 4.6296
      vertex 66.6758 -0.542989 4.44753
    endloop
  endfacet
  facet normal 0.802509 0.127185 0.582926
    outer loop
      vertex 66.8489 0.599248 4.19695
      vertex 66.6758 0.542989 4.44753
      vertex 66.8921 0.326666 4.19695
    endloop
  endfacet
  facet normal 0.89099 0.454023 0
    outer loop
      vertex 66.94 0.628826 3.90237
      vertex 66.8011 0.901408 0.83513
      vertex 66.8011 0.901408 3.90237
    endloop
  endfacet
  facet normal 0.89099 0.454023 0
    outer loop
      vertex 66.8011 0.901408 0.83513
      vertex 66.94 0.628826 3.90237
      vertex 66.94 0.628826 0.83513
    endloop
  endfacet
  facet normal 0.723955 0.368895 0.582929
    outer loop
      vertex 66.7236 0.845149 4.19695
      vertex 66.6758 0.542989 4.44753
      vertex 66.8489 0.599248 4.19695
    endloop
  endfacet
  facet normal 0.848328 0.432269 -0.305751
    outer loop
      vertex 66.8489 0.599248 0.540549
      vertex 66.7236 0.845149 0.540549
      vertex 66.94 0.628826 0.83513
    endloop
  endfacet
  facet normal 0.0928005 0.58525 -0.805525
    outer loop
      vertex 66.2263 0.992439 0.289965
      vertex 66.2 0.911428 0.228077
      vertex 66.2 0.966117 0.267811
    endloop
  endfacet
  facet normal 0.940367 0.149034 -0.305775
    outer loop
      vertex 66.8921 0.326666 0.540549
      vertex 66.8489 0.599248 0.540549
      vertex 66.94 0.628826 0.83513
    endloop
  endfacet
  facet normal 0.148943 0.940446 -0.305578
    outer loop
      vertex 66.2826 1.16559 0.540549
      vertex 66.2 1.23886 0.725784
      vertex 66.3122 1.25662 0.83513
    endloop
  endfacet
  facet normal 0.148923 0.940446 -0.305587
    outer loop
      vertex 66.2 1.23886 0.725784
      vertex 66.2826 1.16559 0.540549
      vertex 66.2 1.17867 0.540549
    endloop
  endfacet
  facet normal -0.72391 -0.368853 0.583011
    outer loop
      vertex 0.324227 -1.10132 5.91316
      vertex 0.151077 -1.15758 5.66257
      vertex 0.27637 -1.40348 5.66257
    endloop
  endfacet
  facet normal 0.0201987 -0.808843 0.587677
    outer loop
      vertex 1.01 -1.7671 5.66257
      vertex 62.3 -1.05857 4.53119
      vertex 1.01 -1.58503 5.91316
    endloop
  endfacet
  facet normal 0.0201985 -0.808859 0.587656
    outer loop
      vertex 62.3 -1.05857 4.53119
      vertex 1.01 -1.7671 5.66257
      vertex 62.3 -1.24063 4.2806
    endloop
  endfacet
  facet normal 0.0201958 -0.808847 0.587672
    outer loop
      vertex 63 -1.23462 4.26482
      vertex 63.9 -1.04483 4.49511
      vertex 63 -1.05256 4.5154
    endloop
  endfacet
  facet normal 0.0201958 -0.808847 0.587672
    outer loop
      vertex 63.9 -1.04483 4.49511
      vertex 63 -1.23462 4.26482
      vertex 63.9 -1.22689 4.24453
    endloop
  endfacet
  facet normal 0.0202021 -0.808858 0.587656
    outer loop
      vertex 64.6 -1.22087 4.22874
      vertex 65.5 -1.03108 4.45903
      vertex 64.6 -1.03881 4.47933
    endloop
  endfacet
  facet normal 0.0201958 -0.808847 0.587672
    outer loop
      vertex 65.5 -1.03108 4.45903
      vertex 64.6 -1.22087 4.22874
      vertex 65.5 -1.21314 4.20845
    endloop
  endfacet
  facet normal 0.0235697 -0.148926 0.988567
    outer loop
      vertex 1.05786 -1.03229 6.19094
      vertex 62.3 -0.513404 4.80896
      vertex 62.3 -0.506235 4.81004
    endloop
  endfacet
  facet normal 0.0235691 -0.148815 0.988584
    outer loop
      vertex 62.3 -0.513404 4.80896
      vertex 1.05786 -1.03229 6.19094
      vertex 1.01 -1.03987 6.19094
    endloop
  endfacet
  facet normal 0.0235664 -0.148933 0.988567
    outer loop
      vertex 65.5 -0.481337 4.7375
      vertex 65.4694 -0.486179 4.7375
      vertex 65.5 -0.485917 4.73681
    endloop
  endfacet
  facet normal 0.278426 -0.14186 0.949923
    outer loop
      vertex 66.2 -0.417233 4.70641
      vertex 66.2 -0.464709 4.69932
      vertex 66.3736 -0.590846 4.6296
    endloop
  endfacet
  facet normal -0 0.309032 0.951052
    outer loop
      vertex 0.990001 1.33445 6.09522
      vertex 1.01 1.03987 6.19094
      vertex 1.01 1.33445 6.09522
    endloop
  endfacet
  facet normal 0 0.309032 0.951052
    outer loop
      vertex 1.01 1.03987 6.19094
      vertex 0.990001 1.33445 6.09522
      vertex 0.990001 1.03987 6.19094
    endloop
  endfacet
  facet normal -0.278448 0.141878 0.949914
    outer loop
      vertex 0.626388 1.14918 6.09522
      vertex 0.562549 1.02389 6.09522
      vertex 0.84271 0.932857 6.19094
    endloop
  endfacet
  facet normal -0.269004 0.527965 0.805537
    outer loop
      vertex 0.773678 1.55077 5.91316
      vertex 0.57853 1.45134 5.91316
      vertex 0.725821 1.24861 6.09522
    endloop
  endfacet
  facet normal -0.368845 0.723915 0.583011
    outer loop
      vertex 0.717419 1.72392 5.66257
      vertex 0.471518 1.59863 5.66257
      vertex 0.773678 1.55077 5.91316
    endloop
  endfacet
  facet normal -0.802461 0.127099 0.583011
    outer loop
      vertex 0.151077 1.15758 5.66257
      vertex 0.107904 0.884999 5.66257
      vertex 0.324227 1.10132 5.91316
    endloop
  endfacet
  facet normal -0.308662 -0.048881 0.949915
    outer loop
      vertex 0.835131 -0.884999 6.19094
      vertex 0.54055 -0.884999 6.09522
      vertex 0.84271 -0.932857 6.19094
    endloop
  endfacet
  facet normal -0.585251 -0.0926982 0.805536
    outer loop
      vertex 0.54055 -0.884999 6.09522
      vertex 0.324227 -1.10132 5.91316
      vertex 0.562549 -1.02389 6.09522
    endloop
  endfacet
  facet normal 0.585393 -0.092306 -0.805478
    outer loop
      vertex 66.6758 -0.542989 0.289965
      vertex 66.4375 -0.465553 0.107903
      vertex 66.4594 -0.326666 0.107903
    endloop
  endfacet
  facet normal 0.368829 -0.723881 -0.583061
    outer loop
      vertex 66.2826 -1.16559 0.540549
      vertex 66.2263 -0.992439 0.289965
      vertex 66.5285 -1.0403 0.540549
    endloop
  endfacet
  facet normal 0.432398 -0.848359 -0.305482
    outer loop
      vertex 66.5847 -1.11773 0.83513
      vertex 66.3122 -1.25662 0.83513
      vertex 66.5285 -1.0403 0.540549
    endloop
  endfacet
  facet normal -0.368842 -0.723909 -0.58302
    outer loop
      vertex 0.717419 -1.72392 0.54055
      vertex 0.471518 -1.59863 0.54055
      vertex 0.773678 -1.55077 0.289966
    endloop
  endfacet
  facet normal -0.723914 -0.368849 0.583008
    outer loop
      vertex 0.324227 -1.10132 5.91316
      vertex 0.27637 -1.40348 5.66257
      vertex 0.42366 -1.29647 5.91316
    endloop
  endfacet
  facet normal -0.802453 0.127093 -0.583023
    outer loop
      vertex 0.289966 0.884999 0.289966
      vertex 0.107904 0.884999 0.54055
      vertex 0.324227 1.10132 0.289966
    endloop
  endfacet
  facet normal -0.092691 -0.585265 -0.805527
    outer loop
      vertex 0.990001 -1.58503 0.289966
      vertex 0.773678 -1.55077 0.289966
      vertex 0.990001 -1.33445 0.107904
    endloop
  endfacet
  facet normal 0.368774 -0.723952 -0.583009
    outer loop
      vertex 66.5285 -1.0403 0.540549
      vertex 66.2263 -0.992439 0.289965
      vertex 66.4215 -0.893006 0.289965
    endloop
  endfacet
  facet normal 0.268957 -0.527997 -0.805531
    outer loop
      vertex 66.4215 -0.893006 0.289965
      vertex 66.2263 -0.992439 0.289965
      vertex 66.2742 -0.690279 0.107903
    endloop
  endfacet
  facet normal -1.4668e-08 0 -1
    outer loop
      vertex 0.942143 -1.03229 0.0121899
      vertex 62.3 -0.482872 0.012189
      vertex 62.3 -0.505241 0.012189
    endloop
  endfacet
  facet normal -1.44148e-08 -2.8287e-08 -1
    outer loop
      vertex 62.3 -0.482872 0.012189
      vertex 0.942143 -1.03229 0.0121899
      vertex 0.898971 -1.01029 0.0121899
    endloop
  endfacet
  facet normal -1.11111e-07 -0 -1
    outer loop
      vertex 63 -0.476859 0.012189
      vertex 63.9 -0.491498 0.0121889
      vertex 63 -0.499228 0.012189
    endloop
  endfacet
  facet normal -1.11111e-07 0 -1
    outer loop
      vertex 63.9 -0.491498 0.0121889
      vertex 63 -0.476859 0.012189
      vertex 63.9 -0.469128 0.0121889
    endloop
  endfacet
  facet normal 0 0 -1
    outer loop
      vertex 64.6 -0.463116 0.0121889
      vertex 65.5 -0.477754 0.0121889
      vertex 64.6 -0.485485 0.0121889
    endloop
  endfacet
  facet normal 0 0 -1
    outer loop
      vertex 65.5 -0.477754 0.0121889
      vertex 64.6 -0.463116 0.0121889
      vertex 65.5 -0.455385 0.0121889
    endloop
  endfacet
  facet normal -0.308646 0.0488865 -0.94992
    outer loop
      vertex 0.84271 0.932857 0.0121899
      vertex 0.54055 0.884999 0.107904
      vertex 0.562549 1.02389 0.107904
    endloop
  endfacet
  facet normal 0.308671 0.0486719 -0.949923
    outer loop
      vertex 66.2 0.367759 0.0257182
      vertex 66.4375 0.465553 0.107903
      vertex 66.4594 0.326666 0.107903
    endloop
  endfacet
  facet normal 0.308588 0.0488867 -0.949939
    outer loop
      vertex 66.4375 0.465553 0.107903
      vertex 66.2 0.367759 0.0257182
      vertex 66.2 0.388401 0.0267805
    endloop
  endfacet
  facet normal -1.46443e-08 0 -1
    outer loop
      vertex 0.84271 -0.932857 0.0121899
      vertex 62.3 -0.357032 0.012189
      vertex 62.3 -0.404954 0.012189
    endloop
  endfacet
  facet normal -1.46226e-08 -2.3157e-09 -1
    outer loop
      vertex 62.3 -0.357032 0.012189
      vertex 0.84271 -0.932857 0.0121899
      vertex 0.835131 -0.884999 0.0121899
    endloop
  endfacet
  facet normal -1.11111e-07 -0 -1
    outer loop
      vertex 63 -0.351019 0.012189
      vertex 63.9 -0.391211 0.0121889
      vertex 63 -0.398941 0.012189
    endloop
  endfacet
  facet normal -1.11111e-07 0 -1
    outer loop
      vertex 63.9 -0.391211 0.0121889
      vertex 63 -0.351019 0.012189
      vertex 63.9 -0.343288 0.0121889
    endloop
  endfacet
  facet normal 0 0 -1
    outer loop
      vertex 64.6 -0.337275 0.0121889
      vertex 65.5 -0.377467 0.0121889
      vertex 64.6 -0.385198 0.0121889
    endloop
  endfacet
  facet normal 0 0 -1
    outer loop
      vertex 65.5 -0.377467 0.0121889
      vertex 64.6 -0.337275 0.0121889
      vertex 65.5 -0.329545 0.0121889
    endloop
  endfacet
  facet normal -0.148925 -0.940469 -0.305515
    outer loop
      vertex 0.990001 -1.78692 0.601562
      vertex 0.927419 -1.77701 0.601562
      vertex 0.990001 -1.7671 0.54055
    endloop
  endfacet
  facet normal -0.432273 -0.848403 -0.305535
    outer loop
      vertex 0.717419 -1.72392 0.54055
      vertex 0.516321 -1.64343 0.601562
      vertex 0.471518 -1.59863 0.54055
    endloop
  endfacet
  facet normal -0.432288 -0.848355 -0.305648
    outer loop
      vertex 0.516321 -1.64343 0.601562
      vertex 0.717419 -1.72392 0.54055
      vertex 0.711293 -1.74278 0.601562
    endloop
  endfacet
  facet normal 0 -0.587796 -0.809009
    outer loop
      vertex 0.990001 -1.58503 0.289966
      vertex 1.01 -1.33445 0.107904
      vertex 1.01 -1.58503 0.289966
    endloop
  endfacet
  facet normal -0 -0.587796 -0.809009
    outer loop
      vertex 1.01 -1.33445 0.107904
      vertex 0.990001 -1.58503 0.289966
      vertex 0.990001 -1.33445 0.107904
    endloop
  endfacet
  facet normal -0.527969 0.269016 -0.80553
    outer loop
      vertex 0.562549 1.02389 0.107904
      vertex 0.324227 1.10132 0.289966
      vertex 0.626388 1.14918 0.107904
    endloop
  endfacet
  facet normal 0.278447 -0.141871 -0.949916
    outer loop
      vertex 66.3736 -0.590846 0.107903
      vertex 66.2 -0.464709 0.0381772
      vertex 66.2 -0.417233 0.0310866
    endloop
  endfacet
  facet normal -1.46843e-08 0 -1
    outer loop
      vertex 1.01 -1.03987 0.0121899
      vertex 62.3 -0.513232 0.012189
      vertex 62.3 -0.513404 0.012189
    endloop
  endfacet
  facet normal 0 -1.70895e-06 -1
    outer loop
      vertex 62.3 -0.513232 0.012189
      vertex 1.01 -1.03987 0.0121899
      vertex 0.990001 -1.03987 0.0121899
    endloop
  endfacet
  facet normal -1.11111e-07 -0 -1
    outer loop
      vertex 63 -0.507219 0.012189
      vertex 63.9 -0.49966 0.0121889
      vertex 63 -0.507391 0.012189
    endloop
  endfacet
  facet normal -1.11111e-07 0 -1
    outer loop
      vertex 63.9 -0.49966 0.0121889
      vertex 63 -0.507219 0.012189
      vertex 63.9 -0.499488 0.0121889
    endloop
  endfacet
  facet normal 0 0 -1
    outer loop
      vertex 64.6 -0.493476 0.0121889
      vertex 65.5 -0.485917 0.0121889
      vertex 64.6 -0.493647 0.0121889
    endloop
  endfacet
  facet normal -0 0 -1
    outer loop
      vertex 65.5 -0.485917 0.0121889
      vertex 64.6 -0.493476 0.0121889
      vertex 65.5 -0.485745 0.0121889
    endloop
  endfacet
  facet normal -0.278426 -0.141877 -0.949921
    outer loop
      vertex 0.864709 -0.976029 0.0121899
      vertex 0.626388 -1.14918 0.107904
      vertex 0.84271 -0.932857 0.0121899
    endloop
  endfacet
  facet normal -0.269006 0.527968 -0.805534
    outer loop
      vertex 0.725821 1.24861 0.107904
      vertex 0.57853 1.45134 0.289966
      vertex 0.773678 1.55077 0.289966
    endloop
  endfacet
  facet normal -0.127086 0.802442 -0.58304
    outer loop
      vertex 0.990001 1.58503 0.289966
      vertex 0.773678 1.55077 0.289966
      vertex 0.990001 1.7671 0.54055
    endloop
  endfacet
  facet normal 0.0081692 0.951026 -0.309002
    outer loop
      vertex 62.3 1.33634 0.83513
      vertex 3 1.76983 0.601562
      vertex 3 1.84572 0.835131
    endloop
  endfacet
  facet normal 0.0081675 0.951043 -0.30895
    outer loop
      vertex 3 1.76983 0.601562
      vertex 1.01 1.7671 0.54055
      vertex 1.01 1.78692 0.601562
    endloop
  endfacet
  facet normal 0.00816918 0.95103 -0.308992
    outer loop
      vertex 62.3 1.24063 0.540549
      vertex 3 1.76983 0.601562
      vertex 62.3 1.33634 0.83513
    endloop
  endfacet
  facet normal 0.00816914 0.951026 -0.309003
    outer loop
      vertex 3 1.76983 0.601562
      vertex 62.3 1.24063 0.540549
      vertex 1.01 1.7671 0.54055
    endloop
  endfacet
  facet normal 0.00816829 0.95103 -0.308992
    outer loop
      vertex 63.9 1.22689 0.540549
      vertex 63 1.33033 0.83513
      vertex 63.9 1.3226 0.83513
    endloop
  endfacet
  facet normal 0.00816829 0.95103 -0.308992
    outer loop
      vertex 63 1.33033 0.83513
      vertex 63.9 1.22689 0.540549
      vertex 63 1.23462 0.540549
    endloop
  endfacet
  facet normal 0.00816821 0.95102 -0.309021
    outer loop
      vertex 65.5 1.21314 0.540549
      vertex 64.6 1.31659 0.83513
      vertex 65.5 1.30886 0.83513
    endloop
  endfacet
  facet normal 0.00816821 0.95102 -0.309021
    outer loop
      vertex 64.6 1.31659 0.83513
      vertex 65.5 1.21314 0.540549
      vertex 64.6 1.22087 0.540549
    endloop
  endfacet
  facet normal -0.36884 0.72391 -0.583018
    outer loop
      vertex 0.57853 1.45134 0.289966
      vertex 0.471518 1.59863 0.54055
      vertex 0.773678 1.55077 0.289966
    endloop
  endfacet
  facet normal 0 0.951075 -0.308961
    outer loop
      vertex 1.01 1.7671 0.54055
      vertex 0.990001 1.78692 0.601562
      vertex 1.01 1.78692 0.601562
    endloop
  endfacet
  facet normal 0 0.951075 -0.308961
    outer loop
      vertex 0.990001 1.78692 0.601562
      vertex 1.01 1.7671 0.54055
      vertex 0.990001 1.7671 0.54055
    endloop
  endfacet
  facet normal 0.148868 0.940484 0.305496
    outer loop
      vertex 66.2 1.27438 3.90237
      vertex 66.2 1.23886 4.01172
      vertex 66.3122 1.25662 3.90237
    endloop
  endfacet
  facet normal 0.141938 -0.278315 0.949945
    outer loop
      vertex 66.2 -0.588179 4.6706
      vertex 66.2 -0.616099 4.66242
      vertex 66.2742 -0.690279 4.6296
    endloop
  endfacet
  facet normal 0.808951 -0 0.587876
    outer loop
      vertex 66.71 -0.326666 4.44753
      vertex 66.8921 0.326666 4.19695
      vertex 66.71 0.326666 4.44753
    endloop
  endfacet
  facet normal 0.808951 0 0.587876
    outer loop
      vertex 66.8921 0.326666 4.19695
      vertex 66.71 -0.326666 4.44753
      vertex 66.8921 -0.326666 4.19695
    endloop
  endfacet
  facet normal 0.802415 0.126859 0.583126
    outer loop
      vertex 66.8921 0.326666 4.19695
      vertex 66.6758 0.542989 4.44753
      vertex 66.71 0.326666 4.44753
    endloop
  endfacet
  facet normal 0.848325 -0.432282 0.30574
    outer loop
      vertex 66.94 -0.628826 3.90237
      vertex 66.7236 -0.845149 4.19695
      vertex 66.8011 -0.901408 3.90237
    endloop
  endfacet
  facet normal 0.148923 -0.940444 0.305595
    outer loop
      vertex 66.2 -1.23886 4.01172
      vertex 66.2826 -1.16559 4.19695
      vertex 66.2 -1.17867 4.19695
    endloop
  endfacet
  facet normal 0.148956 -0.940443 0.30558
    outer loop
      vertex 66.2826 -1.16559 4.19695
      vertex 66.2 -1.23886 4.01172
      vertex 66.3122 -1.25662 3.90237
    endloop
  endfacet
  facet normal 0.432398 -0.848358 0.305483
    outer loop
      vertex 66.5285 -1.0403 4.19695
      vertex 66.3122 -1.25662 3.90237
      vertex 66.5847 -1.11773 3.90237
    endloop
  endfacet
  facet normal 0.454106 -0.890948 0
    outer loop
      vertex 66.3122 -1.25662 0.83513
      vertex 66.5847 -1.11773 3.90237
      vertex 66.3122 -1.25662 3.90237
    endloop
  endfacet
  facet normal 0.454106 -0.890948 0
    outer loop
      vertex 66.5847 -1.11773 3.90237
      vertex 66.3122 -1.25662 0.83513
      vertex 66.5847 -1.11773 0.83513
    endloop
  endfacet
  facet normal 0.940367 -0.149034 0.305776
    outer loop
      vertex 66.8921 -0.326666 4.19695
      vertex 66.8489 -0.599248 4.19695
      vertex 66.94 -0.628826 3.90237
    endloop
  endfacet
  facet normal 0.802509 -0.127185 0.582926
    outer loop
      vertex 66.8921 -0.326666 4.19695
      vertex 66.6758 -0.542989 4.44753
      vertex 66.8489 -0.599248 4.19695
    endloop
  endfacet
  facet normal 0.127202 0.802449 0.583006
    outer loop
      vertex 66.2 1.01876 4.41704
      vertex 66.2 0.996608 4.44753
      vertex 66.2263 0.992439 4.44753
    endloop
  endfacet
  facet normal 0.723959 0.368897 -0.582923
    outer loop
      vertex 66.8489 0.599248 0.540549
      vertex 66.6758 0.542989 0.289965
      vertex 66.7236 0.845149 0.540549
    endloop
  endfacet
  facet normal 0.848325 0.432282 -0.305739
    outer loop
      vertex 66.94 0.628826 0.83513
      vertex 66.7236 0.845149 0.540549
      vertex 66.8011 0.901408 0.83513
    endloop
  endfacet
  facet normal 0.268957 0.527997 -0.805531
    outer loop
      vertex 66.2742 0.690279 0.107903
      vertex 66.2263 0.992439 0.289965
      vertex 66.4215 0.893006 0.289965
    endloop
  endfacet
  facet normal 0.848325 0.432282 0.30574
    outer loop
      vertex 66.8011 0.901408 3.90237
      vertex 66.7236 0.845149 4.19695
      vertex 66.94 0.628826 3.90237
    endloop
  endfacet
  facet normal 0.940486 -0.14878 -0.305534
    outer loop
      vertex 66.94 -0.628826 0.83513
      vertex 66.8921 -0.326666 0.540549
      vertex 66.9878 -0.326666 0.83513
    endloop
  endfacet
  facet normal 0.940367 -0.149034 -0.305775
    outer loop
      vertex 66.94 -0.628826 0.83513
      vertex 66.8489 -0.599248 0.540549
      vertex 66.8921 -0.326666 0.540549
    endloop
  endfacet
  facet normal 0.141828 -0.278432 -0.949927
    outer loop
      vertex 66.2742 -0.690279 0.107903
      vertex 66.2 -0.728075 0.107903
      vertex 66.2 -0.616099 0.0750818
    endloop
  endfacet
  facet normal 0.368774 0.723952 -0.583009
    outer loop
      vertex 66.4215 0.893006 0.289965
      vertex 66.2263 0.992439 0.289965
      vertex 66.5285 1.0403 0.540549
    endloop
  endfacet
  facet normal 0.148868 0.940481 -0.305506
    outer loop
      vertex 66.3122 1.25662 0.83513
      vertex 66.2 1.23886 0.725784
      vertex 66.2 1.27438 0.83513
    endloop
  endfacet
  facet normal -0.940445 -0.148953 0.305575
    outer loop
      vertex 0.0979924 -0.947581 5.60156
      vertex 0.151077 -1.15758 5.66257
      vertex 0.107904 -0.884999 5.66257
    endloop
  endfacet
  facet normal -0.940441 -0.148947 0.305591
    outer loop
      vertex 0.151077 -1.15758 5.66257
      vertex 0.0979924 -0.947581 5.60156
      vertex 0.132223 -1.16371 5.60156
    endloop
  endfacet
  facet normal -0.127118 -0.802457 0.583012
    outer loop
      vertex 0.773678 -1.55077 5.91316
      vertex 0.717419 -1.72392 5.66257
      vertex 0.990001 -1.7671 5.66257
    endloop
  endfacet
  facet normal -0.527965 0.269014 0.805534
    outer loop
      vertex 0.626388 1.14918 6.09522
      vertex 0.324227 1.10132 5.91316
      vertex 0.562549 1.02389 6.09522
    endloop
  endfacet
  facet normal 0.0225424 0 0.999746
    outer loop
      vertex 1.16487 0.884999 6.19094
      vertex 62.3 -0.359864 4.81246
      vertex 62.3 0.359864 4.81246
    endloop
  endfacet
  facet normal 0.0225424 0 0.999746
    outer loop
      vertex 62.3 -0.359864 4.81246
      vertex 1.16487 0.884999 6.19094
      vertex 1.16487 -0.884999 6.19094
    endloop
  endfacet
  facet normal 0.0927912 0.58537 0.805439
    outer loop
      vertex 66.2 0.996608 4.44753
      vertex 66.2 0.966117 4.46969
      vertex 66.2263 0.992439 4.44753
    endloop
  endfacet
  facet normal 0.308698 0.0490055 0.949897
    outer loop
      vertex 66.2 0.367759 4.71178
      vertex 66.2 0.326666 4.7139
      vertex 66.4594 0.326666 4.6296
    endloop
  endfacet
  facet normal 0.419116 0.418927 0.805507
    outer loop
      vertex 66.4215 0.893006 4.44753
      vertex 66.3736 0.590846 4.6296
      vertex 66.5763 0.738136 4.44753
    endloop
  endfacet
  facet normal 0.419079 0.41894 0.805519
    outer loop
      vertex 66.3736 0.590846 4.6296
      vertex 66.4215 0.893006 4.44753
      vertex 66.2742 0.690279 4.6296
    endloop
  endfacet
  facet normal 0.0226389 0.0113959 0.999679
    outer loop
      vertex 62.3 0.45064 4.81179
      vertex 1.15729 0.932857 6.19094
      vertex 62.3 0.407656 4.81228
    endloop
  endfacet
  facet normal 0.02264 0.0115371 0.999677
    outer loop
      vertex 1.15729 0.932857 6.19094
      vertex 62.3 0.45064 4.81179
      vertex 1.13529 0.976029 6.19094
    endloop
  endfacet
  facet normal -0.585255 0.0926929 0.805534
    outer loop
      vertex 0.324227 1.10132 5.91316
      vertex 0.289966 0.884999 5.91316
      vertex 0.54055 0.884999 6.09522
    endloop
  endfacet
  facet normal -0.80246 0.127094 0.583014
    outer loop
      vertex 0.324227 1.10132 5.91316
      vertex 0.107904 0.884999 5.66257
      vertex 0.289966 0.884999 5.91316
    endloop
  endfacet
  facet normal 0.006949 -0.808982 -0.587792
    outer loop
      vertex 1.01 -1.58503 0.289966
      vertex 62.3 -1.24063 0.540549
      vertex 1.01 -1.7671 0.54055
    endloop
  endfacet
  facet normal 0.006949 -0.808997 -0.587771
    outer loop
      vertex 62.3 -1.24063 0.540549
      vertex 1.01 -1.58503 0.289966
      vertex 62.3 -1.05857 0.289965
    endloop
  endfacet
  facet normal 0.00694839 -0.808997 -0.587771
    outer loop
      vertex 63 -1.05256 0.289965
      vertex 63.9 -1.22689 0.540549
      vertex 63 -1.23462 0.540549
    endloop
  endfacet
  facet normal 0.00694839 -0.808997 -0.587771
    outer loop
      vertex 63.9 -1.22689 0.540549
      vertex 63 -1.05256 0.289965
      vertex 63.9 -1.04483 0.289965
    endloop
  endfacet
  facet normal 0.00694839 -0.808997 -0.587771
    outer loop
      vertex 64.6 -1.03881 0.289965
      vertex 65.5 -1.21314 0.540549
      vertex 64.6 -1.22087 0.540549
    endloop
  endfacet
  facet normal 0.00694839 -0.808997 -0.587771
    outer loop
      vertex 65.5 -1.21314 0.540549
      vertex 64.6 -1.03881 0.289965
      vertex 65.5 -1.03108 0.289965
    endloop
  endfacet
  facet normal -0.723904 -0.36885 -0.58302
    outer loop
      vertex 0.27637 -1.40348 0.54055
      vertex 0.151077 -1.15758 0.54055
      vertex 0.324227 -1.10132 0.289966
    endloop
  endfacet
  facet normal -0.84838 -0.432275 -0.305599
    outer loop
      vertex 0.151077 -1.15758 0.54055
      vertex 0.231566 -1.35868 0.601562
      vertex 0.132223 -1.16371 0.601562
    endloop
  endfacet
  facet normal -0.848381 -0.432274 -0.305595
    outer loop
      vertex 0.231566 -1.35868 0.601562
      vertex 0.151077 -1.15758 0.54055
      vertex 0.27637 -1.40348 0.54055
    endloop
  endfacet
  facet normal -0.848373 -0.432317 -0.305558
    outer loop
      vertex 0.260332 -1.41513 0.601562
      vertex 0.231566 -1.35868 0.601562
      vertex 0.27637 -1.40348 0.54055
    endloop
  endfacet
  facet normal -0.0926903 -0.585261 0.80553
    outer loop
      vertex 0.990001 -1.33445 6.09522
      vertex 0.773678 -1.55077 5.91316
      vertex 0.990001 -1.58503 5.91316
    endloop
  endfacet
  facet normal 0.419104 -0.418915 -0.805519
    outer loop
      vertex 66.4215 -0.893006 0.289965
      vertex 66.3736 -0.590846 0.107903
      vertex 66.5763 -0.738136 0.289965
    endloop
  endfacet
  facet normal 0.419067 -0.418928 -0.805532
    outer loop
      vertex 66.3736 -0.590846 0.107903
      vertex 66.4215 -0.893006 0.289965
      vertex 66.2742 -0.690279 0.107903
    endloop
  endfacet
  facet normal 0.00265435 -0.309014 -0.951054
    outer loop
      vertex 1.01 -1.03987 0.0121899
      vertex 62.3 -0.807984 0.107904
      vertex 1.01 -1.33445 0.107904
    endloop
  endfacet
  facet normal 0.00265436 -0.309016 -0.951053
    outer loop
      vertex 62.3 -0.807984 0.107904
      vertex 1.01 -1.03987 0.0121899
      vertex 62.3 -0.513404 0.012189
    endloop
  endfacet
  facet normal 0.00265411 -0.309016 -0.951053
    outer loop
      vertex 63 -0.507391 0.012189
      vertex 63.9 -0.794241 0.107904
      vertex 63 -0.801971 0.107904
    endloop
  endfacet
  facet normal 0.00265434 -0.309016 -0.951053
    outer loop
      vertex 63.9 -0.794241 0.107904
      vertex 63 -0.507391 0.012189
      vertex 63.9 -0.49966 0.0121889
    endloop
  endfacet
  facet normal 0.00265339 -0.309016 -0.951053
    outer loop
      vertex 64.6 -0.493647 0.0121889
      vertex 65.5 -0.780497 0.107903
      vertex 64.6 -0.788228 0.107904
    endloop
  endfacet
  facet normal 0.00265408 -0.309014 -0.951054
    outer loop
      vertex 65.5 -0.780497 0.107903
      vertex 64.6 -0.493647 0.0121889
      vertex 65.5 -0.485917 0.0121889
    endloop
  endfacet
  facet normal 0.127071 -0.802453 -0.583028
    outer loop
      vertex 66.2 -1.01876 0.320456
      vertex 66.2826 -1.16559 0.540549
      vertex 66.2 -1.17867 0.540549
    endloop
  endfacet
  facet normal 0.12713 -0.802437 -0.583038
    outer loop
      vertex 66.2826 -1.16559 0.540549
      vertex 66.2 -1.01876 0.320456
      vertex 66.2263 -0.992439 0.289965
    endloop
  endfacet
  facet normal 0.127203 -0.802458 -0.582993
    outer loop
      vertex 66.2263 -0.992439 0.289965
      vertex 66.2 -1.01876 0.320456
      vertex 66.2 -0.996608 0.289965
    endloop
  endfacet
  facet normal -0.278433 0.14187 -0.94992
    outer loop
      vertex 0.84271 0.932857 0.0121899
      vertex 0.562549 1.02389 0.107904
      vertex 0.626388 1.14918 0.107904
    endloop
  endfacet
  facet normal 0.527913 0.269168 -0.805516
    outer loop
      vertex 66.6758 0.542989 0.289965
      vertex 66.3736 0.590846 0.107903
      vertex 66.5763 0.738136 0.289965
    endloop
  endfacet
  facet normal -0.574495 -0.574495 -0.583019
    outer loop
      vertex 0.471518 -1.59863 0.54055
      vertex 0.42366 -1.29647 0.289966
      vertex 0.57853 -1.45134 0.289966
    endloop
  endfacet
  facet normal -0.574499 -0.574493 -0.583016
    outer loop
      vertex 0.42366 -1.29647 0.289966
      vertex 0.471518 -1.59863 0.54055
      vertex 0.27637 -1.40348 0.54055
    endloop
  endfacet
  facet normal -0.127086 -0.802442 -0.58304
    outer loop
      vertex 0.990001 -1.7671 0.54055
      vertex 0.773678 -1.55077 0.289966
      vertex 0.990001 -1.58503 0.289966
    endloop
  endfacet
  facet normal 0 -0.809002 -0.587807
    outer loop
      vertex 0.990001 -1.58503 0.289966
      vertex 1.01 -1.7671 0.54055
      vertex 0.990001 -1.7671 0.54055
    endloop
  endfacet
  facet normal 0 -0.809002 -0.587807
    outer loop
      vertex 1.01 -1.7671 0.54055
      vertex 0.990001 -1.58503 0.289966
      vertex 1.01 -1.58503 0.289966
    endloop
  endfacet
  facet normal -1.4668e-08 0 -1
    outer loop
      vertex 62.3 0.482872 0.012189
      vertex 0.942143 1.03229 0.0121899
      vertex 62.3 0.505241 0.012189
    endloop
  endfacet
  facet normal -1.44148e-08 2.8287e-08 -1
    outer loop
      vertex 0.942143 1.03229 0.0121899
      vertex 62.3 0.482872 0.012189
      vertex 0.898971 1.01029 0.0121899
    endloop
  endfacet
  facet normal -1.11111e-07 0 -1
    outer loop
      vertex 63 0.476859 0.012189
      vertex 63.9 0.491498 0.0121889
      vertex 63.9 0.469128 0.0121889
    endloop
  endfacet
  facet normal -1.11111e-07 0 -1
    outer loop
      vertex 63.9 0.491498 0.0121889
      vertex 63 0.476859 0.012189
      vertex 63 0.499228 0.012189
    endloop
  endfacet
  facet normal 0 0 -1
    outer loop
      vertex 64.6 0.463116 0.0121889
      vertex 65.5 0.477754 0.0121889
      vertex 65.5 0.455385 0.0121889
    endloop
  endfacet
  facet normal -0 0 -1
    outer loop
      vertex 65.5 0.477754 0.0121889
      vertex 64.6 0.463116 0.0121889
      vertex 64.6 0.485485 0.0121889
    endloop
  endfacet
  facet normal 0 0.587796 -0.809009
    outer loop
      vertex 0.990001 1.33445 0.107904
      vertex 1.01 1.58503 0.289966
      vertex 1.01 1.33445 0.107904
    endloop
  endfacet
  facet normal 0 0.587796 -0.809009
    outer loop
      vertex 1.01 1.58503 0.289966
      vertex 0.990001 1.33445 0.107904
      vertex 0.990001 1.58503 0.289966
    endloop
  endfacet
  facet normal 0.00504886 0.587777 -0.809007
    outer loop
      vertex 1.01 1.33445 0.107904
      vertex 62.3 1.05857 0.289965
      vertex 62.3 0.807984 0.107904
    endloop
  endfacet
  facet normal 0.00504889 0.587788 -0.808999
    outer loop
      vertex 62.3 1.05857 0.289965
      vertex 1.01 1.33445 0.107904
      vertex 1.01 1.58503 0.289966
    endloop
  endfacet
  facet normal 0.00504831 0.587772 -0.809011
    outer loop
      vertex 63 0.801971 0.107904
      vertex 63.9 1.04483 0.289965
      vertex 63.9 0.794241 0.107904
    endloop
  endfacet
  facet normal 0.00504831 0.587772 -0.809011
    outer loop
      vertex 63.9 1.04483 0.289965
      vertex 63 0.801971 0.107904
      vertex 63 1.05256 0.289965
    endloop
  endfacet
  facet normal 0.00504816 0.587784 -0.809002
    outer loop
      vertex 64.6 0.788228 0.107904
      vertex 65.5 1.03108 0.289965
      vertex 65.5 0.780497 0.107903
    endloop
  endfacet
  facet normal 0.0050484 0.587783 -0.809003
    outer loop
      vertex 65.5 1.03108 0.289965
      vertex 64.6 0.788228 0.107904
      vertex 64.6 1.03881 0.289965
    endloop
  endfacet
  facet normal 0.587765 0 -0.809032
    outer loop
      vertex 66.4594 -0.326666 0.107903
      vertex 66.71 0.326666 0.289965
      vertex 66.71 -0.326666 0.289965
    endloop
  endfacet
  facet normal 0.587765 0 -0.809032
    outer loop
      vertex 66.71 0.326666 0.289965
      vertex 66.4594 -0.326666 0.107903
      vertex 66.4594 0.326666 0.107903
    endloop
  endfacet
  facet normal -0.148925 0.940469 -0.305515
    outer loop
      vertex 0.990001 1.7671 0.54055
      vertex 0.927419 1.77701 0.601562
      vertex 0.990001 1.78692 0.601562
    endloop
  endfacet
  facet normal -0.141871 0.278434 -0.949919
    outer loop
      vertex 0.942143 1.03229 0.0121899
      vertex 0.725821 1.24861 0.107904
      vertex 0.851113 1.31245 0.107904
    endloop
  endfacet
  facet normal -0.0488849 0.308645 -0.94992
    outer loop
      vertex 0.990001 1.03987 0.0121899
      vertex 0.942143 1.03229 0.0121899
      vertex 0.990001 1.33445 0.107904
    endloop
  endfacet
  facet normal -0.723914 0.368849 0.583008
    outer loop
      vertex 0.42366 1.29647 5.91316
      vertex 0.27637 1.40348 5.66257
      vertex 0.324227 1.10132 5.91316
    endloop
  endfacet
  facet normal 0.006949 0.808982 -0.587792
    outer loop
      vertex 62.3 1.24063 0.540549
      vertex 1.01 1.58503 0.289966
      vertex 1.01 1.7671 0.54055
    endloop
  endfacet
  facet normal 0.006949 0.808997 -0.587771
    outer loop
      vertex 1.01 1.58503 0.289966
      vertex 62.3 1.24063 0.540549
      vertex 62.3 1.05857 0.289965
    endloop
  endfacet
  facet normal 0.00694839 0.808997 -0.587771
    outer loop
      vertex 63.9 1.04483 0.289965
      vertex 63 1.23462 0.540549
      vertex 63.9 1.22689 0.540549
    endloop
  endfacet
  facet normal 0.00694839 0.808997 -0.587771
    outer loop
      vertex 63 1.23462 0.540549
      vertex 63.9 1.04483 0.289965
      vertex 63 1.05256 0.289965
    endloop
  endfacet
  facet normal 0.00694839 0.808997 -0.587771
    outer loop
      vertex 65.5 1.21314 0.540549
      vertex 64.6 1.03881 0.289965
      vertex 64.6 1.22087 0.540549
    endloop
  endfacet
  facet normal 0.00694839 0.808997 -0.587771
    outer loop
      vertex 64.6 1.03881 0.289965
      vertex 65.5 1.21314 0.540549
      vertex 65.5 1.03108 0.289965
    endloop
  endfacet
  facet normal -0.148977 0.940445 -0.305564
    outer loop
      vertex 0.717419 1.72392 0.54055
      vertex 0.927419 1.77701 0.601562
      vertex 0.990001 1.7671 0.54055
    endloop
  endfacet
  facet normal -0.148944 0.94042 -0.305657
    outer loop
      vertex 0.927419 1.77701 0.601562
      vertex 0.717419 1.72392 0.54055
      vertex 0.711293 1.74278 0.601562
    endloop
  endfacet
  facet normal -0.673289 0.673266 0.305606
    outer loop
      vertex 0.260332 1.41513 5.60156
      vertex 0.471518 1.59863 5.66257
      vertex 0.459865 1.61467 5.60156
    endloop
  endfacet
  facet normal -0.673292 0.673285 0.305557
    outer loop
      vertex 0.471518 1.59863 5.66257
      vertex 0.260332 1.41513 5.60156
      vertex 0.27637 1.40348 5.66257
    endloop
  endfacet
  facet normal 0.0930444 -0.585198 0.805535
    outer loop
      vertex 66.2 -0.911428 4.50942
      vertex 66.2 -0.966117 4.46969
      vertex 66.2263 -0.992439 4.44753
    endloop
  endfacet
  facet normal 0.268964 -0.528012 0.805519
    outer loop
      vertex 66.2742 -0.690279 4.6296
      vertex 66.2263 -0.992439 4.44753
      vertex 66.4215 -0.893006 4.44753
    endloop
  endfacet
  facet normal 0.308655 -0.0486694 0.949928
    outer loop
      vertex 66.2 -0.367759 4.71178
      vertex 66.4375 -0.465553 4.6296
      vertex 66.4594 -0.326666 4.6296
    endloop
  endfacet
  facet normal 0.308612 -0.0487808 0.949936
    outer loop
      vertex 66.4375 -0.465553 4.6296
      vertex 66.2 -0.367759 4.71178
      vertex 66.2 -0.388401 4.71072
    endloop
  endfacet
  facet normal 0.527926 -0.269245 0.805482
    outer loop
      vertex 66.4375 -0.465553 4.6296
      vertex 66.3736 -0.590846 4.6296
      vertex 66.6758 -0.542989 4.44753
    endloop
  endfacet
  facet normal 0.278327 -0.142002 0.949931
    outer loop
      vertex 66.2 -0.417233 4.70641
      vertex 66.4375 -0.465553 4.6296
      vertex 66.2 -0.388401 4.71072
    endloop
  endfacet
  facet normal 0.278338 -0.141954 0.949935
    outer loop
      vertex 66.4375 -0.465553 4.6296
      vertex 66.2 -0.417233 4.70641
      vertex 66.3736 -0.590846 4.6296
    endloop
  endfacet
  facet normal 0.220954 -0.220959 0.949924
    outer loop
      vertex 66.2 -0.588179 4.6706
      vertex 66.3736 -0.590846 4.6296
      vertex 66.2 -0.464709 4.69932
    endloop
  endfacet
  facet normal 0.220959 -0.220886 0.94994
    outer loop
      vertex 66.3736 -0.590846 4.6296
      vertex 66.2 -0.588179 4.6706
      vertex 66.2742 -0.690279 4.6296
    endloop
  endfacet
  facet normal 0.587782 0 0.809019
    outer loop
      vertex 66.4594 0.326666 4.6296
      vertex 66.71 -0.326666 4.44753
      vertex 66.71 0.326666 4.44753
    endloop
  endfacet
  facet normal 0.587782 0 0.809019
    outer loop
      vertex 66.71 -0.326666 4.44753
      vertex 66.4594 0.326666 4.6296
      vertex 66.4594 -0.326666 4.6296
    endloop
  endfacet
  facet normal 0.58526 -0.0925279 0.805549
    outer loop
      vertex 66.71 -0.326666 4.44753
      vertex 66.4594 -0.326666 4.6296
      vertex 66.6758 -0.542989 4.44753
    endloop
  endfacet
  facet normal 0.148923 -0.940446 -0.305587
    outer loop
      vertex 66.2826 -1.16559 0.540549
      vertex 66.2 -1.23886 0.725784
      vertex 66.2 -1.17867 0.540549
    endloop
  endfacet
  facet normal 0.148943 -0.940446 -0.305578
    outer loop
      vertex 66.2 -1.23886 0.725784
      vertex 66.2826 -1.16559 0.540549
      vertex 66.3122 -1.25662 0.83513
    endloop
  endfacet
  facet normal 0.148868 -0.940484 0.305496
    outer loop
      vertex 66.2 -1.23886 4.01172
      vertex 66.2 -1.27438 3.90237
      vertex 66.3122 -1.25662 3.90237
    endloop
  endfacet
  facet normal 0.156342 -0.987703 0
    outer loop
      vertex 66.2 -1.27438 0.83513
      vertex 66.3122 -1.25662 3.90237
      vertex 66.2 -1.27438 3.90237
    endloop
  endfacet
  facet normal 0.156342 -0.987703 0
    outer loop
      vertex 66.3122 -1.25662 3.90237
      vertex 66.2 -1.27438 0.83513
      vertex 66.3122 -1.25662 0.83513
    endloop
  endfacet
  facet normal 0.574558 -0.574407 -0.583044
    outer loop
      vertex 66.5285 -1.0403 0.540549
      vertex 66.5763 -0.738136 0.289965
      vertex 66.7236 -0.845149 0.540549
    endloop
  endfacet
  facet normal 0.574638 -0.574378 -0.582993
    outer loop
      vertex 66.5763 -0.738136 0.289965
      vertex 66.5285 -1.0403 0.540549
      vertex 66.4215 -0.893006 0.289965
    endloop
  endfacet
  facet normal 0.368827 -0.723877 0.583068
    outer loop
      vertex 66.5285 -1.0403 4.19695
      vertex 66.2263 -0.992439 4.44753
      vertex 66.2826 -1.16559 4.19695
    endloop
  endfacet
  facet normal 0.940486 -0.148779 0.305535
    outer loop
      vertex 66.9878 -0.326666 3.90237
      vertex 66.8921 -0.326666 4.19695
      vertex 66.94 -0.628826 3.90237
    endloop
  endfacet
  facet normal 0.673405 -0.673229 0.30543
    outer loop
      vertex 66.5847 -1.11773 3.90237
      vertex 66.7236 -0.845149 4.19695
      vertex 66.5285 -1.0403 4.19695
    endloop
  endfacet
  facet normal 0.673136 -0.673379 0.305695
    outer loop
      vertex 66.7236 -0.845149 4.19695
      vertex 66.5847 -1.11773 3.90237
      vertex 66.8011 -0.901408 3.90237
    endloop
  endfacet
  facet normal 0.723955 -0.368895 0.582929
    outer loop
      vertex 66.8489 -0.599248 4.19695
      vertex 66.6758 -0.542989 4.44753
      vertex 66.7236 -0.845149 4.19695
    endloop
  endfacet
  facet normal 0.848327 -0.432269 0.305752
    outer loop
      vertex 66.8489 -0.599248 4.19695
      vertex 66.7236 -0.845149 4.19695
      vertex 66.94 -0.628826 3.90237
    endloop
  endfacet
  facet normal 0.432398 0.848358 0.305483
    outer loop
      vertex 66.5847 1.11773 3.90237
      vertex 66.3122 1.25662 3.90237
      vertex 66.5285 1.0403 4.19695
    endloop
  endfacet
  facet normal 0.802514 0.127186 -0.58292
    outer loop
      vertex 66.8921 0.326666 0.540549
      vertex 66.6758 0.542989 0.289965
      vertex 66.8489 0.599248 0.540549
    endloop
  endfacet
  facet normal 0.80242 0.12686 -0.58312
    outer loop
      vertex 66.71 0.326666 0.289965
      vertex 66.6758 0.542989 0.289965
      vertex 66.8921 0.326666 0.540549
    endloop
  endfacet
  facet normal 1 -0 0
    outer loop
      vertex 66.9878 -0.326666 3.90237
      vertex 66.9878 0.326666 0.83513
      vertex 66.9878 0.326666 3.90237
    endloop
  endfacet
  facet normal 1 0 0
    outer loop
      vertex 66.9878 0.326666 0.83513
      vertex 66.9878 -0.326666 3.90237
      vertex 66.9878 -0.326666 0.83513
    endloop
  endfacet
  facet normal 0.987717 0.156251 0
    outer loop
      vertex 66.9878 0.326666 3.90237
      vertex 66.94 0.628826 0.83513
      vertex 66.94 0.628826 3.90237
    endloop
  endfacet
  facet normal 0.987717 0.156251 0
    outer loop
      vertex 66.94 0.628826 0.83513
      vertex 66.9878 0.326666 3.90237
      vertex 66.9878 0.326666 0.83513
    endloop
  endfacet
  facet normal 0.156342 0.987703 -0
    outer loop
      vertex 66.3122 1.25662 0.83513
      vertex 66.2 1.27438 3.90237
      vertex 66.3122 1.25662 3.90237
    endloop
  endfacet
  facet normal 0.156342 0.987703 0
    outer loop
      vertex 66.2 1.27438 3.90237
      vertex 66.3122 1.25662 0.83513
      vertex 66.2 1.27438 0.83513
    endloop
  endfacet
  facet normal 0.268964 0.528012 0.805519
    outer loop
      vertex 66.4215 0.893006 4.44753
      vertex 66.2263 0.992439 4.44753
      vertex 66.2742 0.690279 4.6296
    endloop
  endfacet
  facet normal 0.808955 0 -0.58787
    outer loop
      vertex 66.8921 -0.326666 0.540549
      vertex 66.71 0.326666 0.289965
      vertex 66.8921 0.326666 0.540549
    endloop
  endfacet
  facet normal 0.808955 0 -0.58787
    outer loop
      vertex 66.71 0.326666 0.289965
      vertex 66.8921 -0.326666 0.540549
      vertex 66.71 -0.326666 0.289965
    endloop
  endfacet
  facet normal 0.527911 -0.269237 -0.805494
    outer loop
      vertex 66.6758 -0.542989 0.289965
      vertex 66.3736 -0.590846 0.107903
      vertex 66.4375 -0.465553 0.107903
    endloop
  endfacet
  facet normal 0.951071 0 -0.308973
    outer loop
      vertex 66.9878 -0.326666 0.83513
      vertex 66.8921 0.326666 0.540549
      vertex 66.9878 0.326666 0.83513
    endloop
  endfacet
  facet normal 0.951071 0 -0.308973
    outer loop
      vertex 66.8921 0.326666 0.540549
      vertex 66.9878 -0.326666 0.83513
      vertex 66.8921 -0.326666 0.540549
    endloop
  endfacet
  facet normal 0.308655 -0.0486694 -0.949928
    outer loop
      vertex 66.2 -0.388401 0.0267805
      vertex 66.4594 -0.326666 0.107903
      vertex 66.4375 -0.465553 0.107903
    endloop
  endfacet
  facet normal 0.308699 -0.0488849 -0.949903
    outer loop
      vertex 66.4594 -0.326666 0.107903
      vertex 66.2 -0.388401 0.0267805
      vertex 66.2 -0.367759 0.0257182
    endloop
  endfacet
  facet normal 0.141828 0.278432 -0.949927
    outer loop
      vertex 66.2742 0.690279 0.107903
      vertex 66.2 0.588179 0.0668982
      vertex 66.2 0.616099 0.0750818
    endloop
  endfacet
  facet normal 0.706979 0.707234 -0
    outer loop
      vertex 66.8011 0.901408 0.83513
      vertex 66.5847 1.11773 3.90237
      vertex 66.8011 0.901408 3.90237
    endloop
  endfacet
  facet normal 0.706979 0.707234 0
    outer loop
      vertex 66.5847 1.11773 3.90237
      vertex 66.8011 0.901408 0.83513
      vertex 66.5847 1.11773 0.83513
    endloop
  endfacet
  facet normal 0.432398 0.848359 -0.305482
    outer loop
      vertex 66.5285 1.0403 0.540549
      vertex 66.3122 1.25662 0.83513
      vertex 66.5847 1.11773 0.83513
    endloop
  endfacet
  facet normal 0 -0.951072 0.30897
    outer loop
      vertex 0.990001 -1.78692 5.60156
      vertex 1.01 -1.7671 5.66257
      vertex 0.990001 -1.7671 5.66257
    endloop
  endfacet
  facet normal 0 -0.951072 0.30897
    outer loop
      vertex 1.01 -1.7671 5.66257
      vertex 0.990001 -1.78692 5.60156
      vertex 1.01 -1.78692 5.60156
    endloop
  endfacet
  facet normal 0.0235697 0.148926 0.988567
    outer loop
      vertex 62.3 0.513404 4.80896
      vertex 1.05786 1.03229 6.19094
      vertex 62.3 0.506235 4.81004
    endloop
  endfacet
  facet normal 0.0235691 0.148815 0.988584
    outer loop
      vertex 1.05786 1.03229 6.19094
      vertex 62.3 0.513404 4.80896
      vertex 1.01 1.03987 6.19094
    endloop
  endfacet
  facet normal 0.0235664 0.148933 0.988567
    outer loop
      vertex 65.5 0.485917 4.73681
      vertex 65.4694 0.486179 4.7375
      vertex 65.5 0.481337 4.7375
    endloop
  endfacet
  facet normal -0.308663 0.0488892 0.949914
    outer loop
      vertex 0.562549 1.02389 6.09522
      vertex 0.54055 0.884999 6.09522
      vertex 0.84271 0.932857 6.19094
    endloop
  endfacet
  facet normal 0.0930444 0.585198 0.805535
    outer loop
      vertex 66.2 0.966117 4.46969
      vertex 66.2 0.911428 4.50942
      vertex 66.2263 0.992439 4.44753
    endloop
  endfacet
  facet normal 0.141823 0.278423 0.94993
    outer loop
      vertex 66.2 0.728075 4.6296
      vertex 66.2 0.616099 4.66242
      vertex 66.2742 0.690279 4.6296
    endloop
  endfacet
  facet normal 0.309069 0 0.951039
    outer loop
      vertex 66.2 0.326666 4.7139
      vertex 66.4594 -0.326666 4.6296
      vertex 66.4594 0.326666 4.6296
    endloop
  endfacet
  facet normal 0.309069 0 0.951039
    outer loop
      vertex 66.4594 -0.326666 4.6296
      vertex 66.2 0.326666 4.7139
      vertex 66.2 -0.326666 4.7139
    endloop
  endfacet
  facet normal 0.141938 0.278315 0.949945
    outer loop
      vertex 66.2 0.616099 4.66242
      vertex 66.2 0.588179 4.6706
      vertex 66.2742 0.690279 4.6296
    endloop
  endfacet
  facet normal -0.418985 0.418998 0.805538
    outer loop
      vertex 0.57853 1.45134 5.91316
      vertex 0.626388 1.14918 6.09522
      vertex 0.725821 1.24861 6.09522
    endloop
  endfacet
  facet normal -0.418995 0.418995 0.805535
    outer loop
      vertex 0.626388 1.14918 6.09522
      vertex 0.57853 1.45134 5.91316
      vertex 0.42366 1.29647 5.91316
    endloop
  endfacet
  facet normal -0.269014 -0.527964 0.805534
    outer loop
      vertex 0.851113 -1.31245 6.09522
      vertex 0.725821 -1.24861 6.09522
      vertex 0.773678 -1.55077 5.91316
    endloop
  endfacet
  facet normal -0.309031 0 0.951052
    outer loop
      vertex 0.54055 0.884999 6.09522
      vertex 0.835131 -0.884999 6.19094
      vertex 0.835131 0.884999 6.19094
    endloop
  endfacet
  facet normal -0.309031 0 0.951052
    outer loop
      vertex 0.835131 -0.884999 6.19094
      vertex 0.54055 0.884999 6.09522
      vertex 0.54055 -0.884999 6.09522
    endloop
  endfacet
  facet normal -0.587785 0 0.809017
    outer loop
      vertex 0.289966 0.884999 5.91316
      vertex 0.54055 -0.884999 6.09522
      vertex 0.54055 0.884999 6.09522
    endloop
  endfacet
  facet normal -0.587785 0 0.809017
    outer loop
      vertex 0.54055 -0.884999 6.09522
      vertex 0.289966 0.884999 5.91316
      vertex 0.289966 -0.884999 5.91316
    endloop
  endfacet
  facet normal -0.0927044 -0.585251 0.805535
    outer loop
      vertex 0.851113 -1.31245 6.09522
      vertex 0.773678 -1.55077 5.91316
      vertex 0.990001 -1.33445 6.09522
    endloop
  endfacet
  facet normal -0.308663 -0.0488892 0.949914
    outer loop
      vertex 0.84271 -0.932857 6.19094
      vertex 0.54055 -0.884999 6.09522
      vertex 0.562549 -1.02389 6.09522
    endloop
  endfacet
  facet normal 0 -0.587792 0.809012
    outer loop
      vertex 0.990001 -1.33445 6.09522
      vertex 1.01 -1.58503 5.91316
      vertex 1.01 -1.33445 6.09522
    endloop
  endfacet
  facet normal 0 -0.587792 0.809012
    outer loop
      vertex 1.01 -1.58503 5.91316
      vertex 0.990001 -1.33445 6.09522
      vertex 0.990001 -1.58503 5.91316
    endloop
  endfacet
  facet normal -0.0488876 0.308663 0.949914
    outer loop
      vertex 0.990001 1.33445 6.09522
      vertex 0.942143 1.03229 6.19094
      vertex 0.990001 1.03987 6.19094
    endloop
  endfacet
  facet normal -0.940448 -0.148954 -0.305566
    outer loop
      vertex 0.151077 -1.15758 0.54055
      vertex 0.0979924 -0.947581 0.601562
      vertex 0.107904 -0.884999 0.54055
    endloop
  endfacet
  facet normal -0.940444 -0.148948 -0.305582
    outer loop
      vertex 0.0979924 -0.947581 0.601562
      vertex 0.151077 -1.15758 0.54055
      vertex 0.132223 -1.16371 0.601562
    endloop
  endfacet
  facet normal -0.802455 -0.127098 -0.58302
    outer loop
      vertex 0.151077 -1.15758 0.54055
      vertex 0.107904 -0.884999 0.54055
      vertex 0.324227 -1.10132 0.289966
    endloop
  endfacet
  facet normal 0.0151342 -0.950963 0.308934
    outer loop
      vertex 3 -1.75525 5.60156
      vertex 1.01 -1.7671 5.66257
      vertex 1.01 -1.78692 5.60156
    endloop
  endfacet
  facet normal 0.0151351 -0.950952 0.308968
    outer loop
      vertex 3 -1.75525 5.60156
      vertex 62.3 -1.24063 4.2806
      vertex 1.01 -1.7671 5.66257
    endloop
  endfacet
  facet normal 0.0151354 -0.950948 0.30898
    outer loop
      vertex 3 -1.84572 5.32312
      vertex 62.3 -1.24063 4.2806
      vertex 3 -1.75525 5.60156
    endloop
  endfacet
  facet normal 0.0151352 -0.950952 0.308967
    outer loop
      vertex 62.3 -1.24063 4.2806
      vertex 3 -1.84572 5.32312
      vertex 62.3 -1.33634 3.98602
    endloop
  endfacet
  facet normal 0.0151331 -0.950952 0.308967
    outer loop
      vertex 63 -1.33033 3.97024
      vertex 63.9 -1.22689 4.24453
      vertex 63 -1.23462 4.26482
    endloop
  endfacet
  facet normal 0.0151331 -0.950952 0.308967
    outer loop
      vertex 63.9 -1.22689 4.24453
      vertex 63 -1.33033 3.97024
      vertex 63.9 -1.3226 3.94995
    endloop
  endfacet
  facet normal 0.0151337 -0.950943 0.308997
    outer loop
      vertex 64.6 -1.31659 3.93416
      vertex 65.5 -1.21314 4.20845
      vertex 64.6 -1.22087 4.22874
    endloop
  endfacet
  facet normal 0.0151337 -0.950943 0.308997
    outer loop
      vertex 65.5 -1.21314 4.20845
      vertex 64.6 -1.31659 3.93416
      vertex 65.5 -1.30886 3.91387
    endloop
  endfacet
  facet normal -0.432272 -0.848401 0.305544
    outer loop
      vertex 0.516321 -1.64343 5.60156
      vertex 0.717419 -1.72392 5.66257
      vertex 0.471518 -1.59863 5.66257
    endloop
  endfacet
  facet normal -0.432287 -0.848353 0.305657
    outer loop
      vertex 0.717419 -1.72392 5.66257
      vertex 0.516321 -1.64343 5.60156
      vertex 0.711293 -1.74278 5.60156
    endloop
  endfacet
  facet normal -0.673292 -0.673285 0.305557
    outer loop
      vertex 0.260332 -1.41513 5.60156
      vertex 0.471518 -1.59863 5.66257
      vertex 0.27637 -1.40348 5.66257
    endloop
  endfacet
  facet normal -0.673289 -0.673266 0.305606
    outer loop
      vertex 0.471518 -1.59863 5.66257
      vertex 0.260332 -1.41513 5.60156
      vertex 0.459865 -1.61467 5.60156
    endloop
  endfacet
  facet normal -0.432202 -0.848414 0.305606
    outer loop
      vertex 0.471518 -1.59863 5.66257
      vertex 0.459865 -1.61467 5.60156
      vertex 0.516321 -1.64343 5.60156
    endloop
  endfacet
  facet normal -0.141882 0.278424 -0.949921
    outer loop
      vertex 0.898971 1.01029 0.0121899
      vertex 0.725821 1.24861 0.107904
      vertex 0.942143 1.03229 0.0121899
    endloop
  endfacet
  facet normal 0.141828 -0.278432 -0.949927
    outer loop
      vertex 66.2742 -0.690279 0.107903
      vertex 66.2 -0.616099 0.0750818
      vertex 66.2 -0.588179 0.0668982
    endloop
  endfacet
  facet normal 0.269086 -0.527993 -0.805491
    outer loop
      vertex 66.2 -0.911428 0.228077
      vertex 66.2742 -0.690279 0.107903
      vertex 66.2263 -0.992439 0.289965
    endloop
  endfacet
  facet normal 0.268941 -0.527977 -0.80555
    outer loop
      vertex 66.2742 -0.690279 0.107903
      vertex 66.2 -0.911428 0.228077
      vertex 66.2 -0.728075 0.107903
    endloop
  endfacet
  facet normal 0.0928005 -0.58525 -0.805525
    outer loop
      vertex 66.2263 -0.992439 0.289965
      vertex 66.2 -0.966117 0.267811
      vertex 66.2 -0.911428 0.228077
    endloop
  endfacet
  facet normal -1.46843e-08 0 -1
    outer loop
      vertex 62.3 0.513232 0.012189
      vertex 1.01 1.03987 0.0121899
      vertex 62.3 0.513404 0.012189
    endloop
  endfacet
  facet normal 0 1.70895e-06 -1
    outer loop
      vertex 1.01 1.03987 0.0121899
      vertex 62.3 0.513232 0.012189
      vertex 0.990001 1.03987 0.0121899
    endloop
  endfacet
  facet normal -1.11111e-07 0 -1
    outer loop
      vertex 63 0.507219 0.012189
      vertex 63.9 0.49966 0.0121889
      vertex 63.9 0.499488 0.0121889
    endloop
  endfacet
  facet normal -1.11111e-07 0 -1
    outer loop
      vertex 63.9 0.49966 0.0121889
      vertex 63 0.507219 0.012189
      vertex 63 0.507391 0.012189
    endloop
  endfacet
  facet normal 0 0 -1
    outer loop
      vertex 64.6 0.493476 0.0121889
      vertex 65.5 0.485917 0.0121889
      vertex 65.5 0.485745 0.0121889
    endloop
  endfacet
  facet normal 0 0 -1
    outer loop
      vertex 65.5 0.485917 0.0121889
      vertex 64.6 0.493476 0.0121889
      vertex 64.6 0.493647 0.0121889
    endloop
  endfacet
  facet normal -0.432203 -0.848417 -0.305597
    outer loop
      vertex 0.516321 -1.64343 0.601562
      vertex 0.459865 -1.61467 0.601562
      vertex 0.471518 -1.59863 0.54055
    endloop
  endfacet
  facet normal -1.46795e-08 0 -1
    outer loop
      vertex 0.990001 -1.03987 0.0121899
      vertex 62.3 -0.505241 0.012189
      vertex 62.3 -0.513232 0.012189
    endloop
  endfacet
  facet normal -1.39135e-08 -8.78458e-08 -1
    outer loop
      vertex 62.3 -0.505241 0.012189
      vertex 0.990001 -1.03987 0.0121899
      vertex 0.942143 -1.03229 0.0121899
    endloop
  endfacet
  facet normal -1.11111e-07 -0 -1
    outer loop
      vertex 63 -0.499228 0.012189
      vertex 63.9 -0.499488 0.0121889
      vertex 63 -0.507219 0.012189
    endloop
  endfacet
  facet normal -1.11111e-07 0 -1
    outer loop
      vertex 63.9 -0.499488 0.0121889
      vertex 63 -0.499228 0.012189
      vertex 63.9 -0.491498 0.0121889
    endloop
  endfacet
  facet normal 0 0 -1
    outer loop
      vertex 64.6 -0.485485 0.0121889
      vertex 65.5 -0.485745 0.0121889
      vertex 64.6 -0.493476 0.0121889
    endloop
  endfacet
  facet normal 0 0 -1
    outer loop
      vertex 65.5 -0.485745 0.0121889
      vertex 64.6 -0.485485 0.0121889
      vertex 65.5 -0.477754 0.0121889
    endloop
  endfacet
  facet normal -1.46425e-08 0 -1
    outer loop
      vertex 0.835131 -0.884999 0.0121899
      vertex 62.3 0.357032 0.012189
      vertex 62.3 -0.357032 0.012189
    endloop
  endfacet
  facet normal -1.46425e-08 0 -1
    outer loop
      vertex 62.3 0.357032 0.012189
      vertex 0.835131 -0.884999 0.0121899
      vertex 0.835131 0.884999 0.0121899
    endloop
  endfacet
  facet normal -1.11111e-07 0 -1
    outer loop
      vertex 63 -0.351019 0.012189
      vertex 63.9 0.343288 0.0121889
      vertex 63.9 -0.343288 0.0121889
    endloop
  endfacet
  facet normal -1.11111e-07 0 -1
    outer loop
      vertex 63.9 0.343288 0.0121889
      vertex 63 -0.351019 0.012189
      vertex 63 0.351019 0.012189
    endloop
  endfacet
  facet normal 0 0 -1
    outer loop
      vertex 64.6 -0.337275 0.0121889
      vertex 65.5 0.329545 0.0121889
      vertex 65.5 -0.329545 0.0121889
    endloop
  endfacet
  facet normal -0 0 -1
    outer loop
      vertex 65.5 0.329545 0.0121889
      vertex 64.6 -0.337275 0.0121889
      vertex 64.6 0.337275 0.0121889
    endloop
  endfacet
  facet normal -0.309014 0 -0.951058
    outer loop
      vertex 0.54055 -0.884999 0.107904
      vertex 0.835131 0.884999 0.0121899
      vertex 0.835131 -0.884999 0.0121899
    endloop
  endfacet
  facet normal -0.309014 0 -0.951058
    outer loop
      vertex 0.835131 0.884999 0.0121899
      vertex 0.54055 -0.884999 0.107904
      vertex 0.54055 0.884999 0.107904
    endloop
  endfacet
  facet normal -0.278433 -0.14187 -0.94992
    outer loop
      vertex 0.626388 -1.14918 0.107904
      vertex 0.562549 -1.02389 0.107904
      vertex 0.84271 -0.932857 0.0121899
    endloop
  endfacet
  facet normal -0.308646 -0.0488865 -0.94992
    outer loop
      vertex 0.562549 -1.02389 0.107904
      vertex 0.54055 -0.884999 0.107904
      vertex 0.84271 -0.932857 0.0121899
    endloop
  endfacet
  facet normal 0.268941 0.527977 -0.80555
    outer loop
      vertex 66.2 0.911428 0.228077
      vertex 66.2742 0.690279 0.107903
      vertex 66.2 0.728075 0.107903
    endloop
  endfacet
  facet normal 0.269086 0.527993 -0.805491
    outer loop
      vertex 66.2742 0.690279 0.107903
      vertex 66.2 0.911428 0.228077
      vertex 66.2263 0.992439 0.289965
    endloop
  endfacet
  facet normal 0.141828 0.278432 -0.949927
    outer loop
      vertex 66.2742 0.690279 0.107903
      vertex 66.2 0.616099 0.0750818
      vertex 66.2 0.728075 0.107903
    endloop
  endfacet
  facet normal 0.574558 0.574407 -0.583044
    outer loop
      vertex 66.5763 0.738136 0.289965
      vertex 66.5285 1.0403 0.540549
      vertex 66.7236 0.845149 0.540549
    endloop
  endfacet
  facet normal 0.574638 0.574378 -0.582993
    outer loop
      vertex 66.5285 1.0403 0.540549
      vertex 66.5763 0.738136 0.289965
      vertex 66.4215 0.893006 0.289965
    endloop
  endfacet
  facet normal 0.127071 0.802453 -0.583028
    outer loop
      vertex 66.2826 1.16559 0.540549
      vertex 66.2 1.01876 0.320456
      vertex 66.2 1.17867 0.540549
    endloop
  endfacet
  facet normal 0.12713 0.802437 -0.583038
    outer loop
      vertex 66.2 1.01876 0.320456
      vertex 66.2826 1.16559 0.540549
      vertex 66.2263 0.992439 0.289965
    endloop
  endfacet
  facet normal 0.527911 0.269237 -0.805494
    outer loop
      vertex 66.4375 0.465553 0.107903
      vertex 66.3736 0.590846 0.107903
      vertex 66.6758 0.542989 0.289965
    endloop
  endfacet
  facet normal 0.309068 0 -0.95104
    outer loop
      vertex 66.2 -0.326666 0.0236035
      vertex 66.4594 0.326666 0.107903
      vertex 66.4594 -0.326666 0.107903
    endloop
  endfacet
  facet normal 0.309068 0 -0.95104
    outer loop
      vertex 66.4594 0.326666 0.107903
      vertex 66.2 -0.326666 0.0236035
      vertex 66.2 0.326666 0.0236035
    endloop
  endfacet
  facet normal -1.46577e-08 0 -1
    outer loop
      vertex 0.898971 -1.01029 0.0121899
      vertex 62.3 -0.448316 0.012189
      vertex 62.3 -0.482872 0.012189
    endloop
  endfacet
  facet normal -1.45248e-08 -1.45252e-08 -1
    outer loop
      vertex 62.3 -0.448316 0.012189
      vertex 0.898971 -1.01029 0.0121899
      vertex 0.864709 -0.976029 0.0121899
    endloop
  endfacet
  facet normal -1.11111e-07 -0 -1
    outer loop
      vertex 63 -0.442303 0.012189
      vertex 63.9 -0.469128 0.0121889
      vertex 63 -0.476859 0.012189
    endloop
  endfacet
  facet normal -1.11111e-07 0 -1
    outer loop
      vertex 63.9 -0.469128 0.0121889
      vertex 63 -0.442303 0.012189
      vertex 63.9 -0.434572 0.0121889
    endloop
  endfacet
  facet normal 0 0 -1
    outer loop
      vertex 64.6 -0.42856 0.0121889
      vertex 65.5 -0.455385 0.0121889
      vertex 64.6 -0.463116 0.0121889
    endloop
  endfacet
  facet normal 0 0 -1
    outer loop
      vertex 65.5 -0.455385 0.0121889
      vertex 64.6 -0.42856 0.0121889
      vertex 65.5 -0.420829 0.0121889
    endloop
  endfacet
  facet normal -0.269015 0.527968 -0.805531
    outer loop
      vertex 0.851113 1.31245 0.107904
      vertex 0.725821 1.24861 0.107904
      vertex 0.773678 1.55077 0.289966
    endloop
  endfacet
  facet normal -0.0927051 0.585256 -0.805532
    outer loop
      vertex 0.851113 1.31245 0.107904
      vertex 0.773678 1.55077 0.289966
      vertex 0.990001 1.33445 0.107904
    endloop
  endfacet
  facet normal -0.418988 0.419001 -0.805535
    outer loop
      vertex 0.626388 1.14918 0.107904
      vertex 0.57853 1.45134 0.289966
      vertex 0.725821 1.24861 0.107904
    endloop
  endfacet
  facet normal -0.418998 0.418998 -0.805532
    outer loop
      vertex 0.57853 1.45134 0.289966
      vertex 0.626388 1.14918 0.107904
      vertex 0.42366 1.29647 0.289966
    endloop
  endfacet
  facet normal -0.432288 0.848355 -0.305648
    outer loop
      vertex 0.717419 1.72392 0.54055
      vertex 0.516321 1.64343 0.601562
      vertex 0.711293 1.74278 0.601562
    endloop
  endfacet
  facet normal -0.432273 0.848403 -0.305535
    outer loop
      vertex 0.516321 1.64343 0.601562
      vertex 0.717419 1.72392 0.54055
      vertex 0.471518 1.59863 0.54055
    endloop
  endfacet
  facet normal -0.269014 0.527964 0.805534
    outer loop
      vertex 0.773678 1.55077 5.91316
      vertex 0.725821 1.24861 6.09522
      vertex 0.851113 1.31245 6.09522
    endloop
  endfacet
  facet normal 0 0.809002 -0.587807
    outer loop
      vertex 1.01 1.58503 0.289966
      vertex 0.990001 1.7671 0.54055
      vertex 1.01 1.7671 0.54055
    endloop
  endfacet
  facet normal 0 0.809002 -0.587807
    outer loop
      vertex 0.990001 1.7671 0.54055
      vertex 1.01 1.58503 0.289966
      vertex 0.990001 1.58503 0.289966
    endloop
  endfacet
  facet normal -0.127087 0.802448 0.583031
    outer loop
      vertex 0.990001 1.7671 5.66257
      vertex 0.773678 1.55077 5.91316
      vertex 0.990001 1.58503 5.91316
    endloop
  endfacet
  facet normal 0.0201987 0.808843 0.587677
    outer loop
      vertex 62.3 1.05857 4.53119
      vertex 1.01 1.7671 5.66257
      vertex 1.01 1.58503 5.91316
    endloop
  endfacet
  facet normal 0.0201985 0.808859 0.587656
    outer loop
      vertex 1.01 1.7671 5.66257
      vertex 62.3 1.05857 4.53119
      vertex 62.3 1.24063 4.2806
    endloop
  endfacet
  facet normal 0.0201958 0.808847 0.587672
    outer loop
      vertex 63.9 1.04483 4.49511
      vertex 63 1.23462 4.26482
      vertex 63 1.05256 4.5154
    endloop
  endfacet
  facet normal 0.0201958 0.808847 0.587672
    outer loop
      vertex 63 1.23462 4.26482
      vertex 63.9 1.04483 4.49511
      vertex 63.9 1.22689 4.24453
    endloop
  endfacet
  facet normal 0.0202021 0.808858 0.587656
    outer loop
      vertex 65.5 1.03108 4.45903
      vertex 64.6 1.22087 4.22874
      vertex 64.6 1.03881 4.47933
    endloop
  endfacet
  facet normal 0.0201958 0.808847 0.587672
    outer loop
      vertex 64.6 1.22087 4.22874
      vertex 65.5 1.03108 4.45903
      vertex 65.5 1.21314 4.20845
    endloop
  endfacet
  facet normal 0.0227311 0.0226567 0.999485
    outer loop
      vertex 62.3 0.484608 4.81102
      vertex 1.13529 0.976029 6.19094
      vertex 62.3 0.45064 4.81179
    endloop
  endfacet
  facet normal 0.0227317 0.022731 0.999483
    outer loop
      vertex 1.13529 0.976029 6.19094
      vertex 62.3 0.484608 4.81102
      vertex 1.10103 1.01029 6.19094
    endloop
  endfacet
  facet normal -0.0927044 0.585251 0.805535
    outer loop
      vertex 0.990001 1.33445 6.09522
      vertex 0.773678 1.55077 5.91316
      vertex 0.851113 1.31245 6.09522
    endloop
  endfacet
  facet normal 0.574554 -0.574404 0.58305
    outer loop
      vertex 66.5763 -0.738136 4.44753
      vertex 66.5285 -1.0403 4.19695
      vertex 66.7236 -0.845149 4.19695
    endloop
  endfacet
  facet normal 0.574635 -0.574375 0.582999
    outer loop
      vertex 66.5285 -1.0403 4.19695
      vertex 66.5763 -0.738136 4.44753
      vertex 66.4215 -0.893006 4.44753
    endloop
  endfacet
  facet normal 0.723777 -0.369034 0.583062
    outer loop
      vertex 66.6758 -0.542989 4.44753
      vertex 66.5763 -0.738136 4.44753
      vertex 66.7236 -0.845149 4.19695
    endloop
  endfacet
  facet normal 0.0225745 -0.00376533 0.999738
    outer loop
      vertex 1.16487 -0.884999 6.19094
      vertex 62.3 -0.407656 4.81228
      vertex 62.3 -0.359864 4.81246
    endloop
  endfacet
  facet normal 0.0225731 -0.00357524 0.999739
    outer loop
      vertex 62.3 -0.407656 4.81228
      vertex 1.16487 -0.884999 6.19094
      vertex 1.15729 -0.932857 6.19094
    endloop
  endfacet
  facet normal 0.024092 -0.308913 0.950785
    outer loop
      vertex 1.01 -1.03987 6.19094
      vertex 62.3 -0.807984 4.71325
      vertex 62.3 -0.513404 4.80896
    endloop
  endfacet
  facet normal 0.0240919 -0.308942 0.950776
    outer loop
      vertex 62.3 -0.807984 4.71325
      vertex 1.01 -1.03987 6.19094
      vertex 1.01 -1.33445 6.09522
    endloop
  endfacet
  facet normal 0.0240931 -0.308939 0.950777
    outer loop
      vertex 63 -0.67876 4.7375
      vertex 63.9 -0.794241 4.67717
      vertex 63.9 -0.608572 4.7375
    endloop
  endfacet
  facet normal 0.0240987 -0.308902 0.950789
    outer loop
      vertex 63.9 -0.794241 4.67717
      vertex 63 -0.67876 4.7375
      vertex 63 -0.801971 4.69747
    endloop
  endfacet
  facet normal 0.0240842 -0.308913 0.950785
    outer loop
      vertex 65.4694 -0.486179 4.7375
      vertex 65.5 -0.780497 4.6411
      vertex 65.5 -0.485917 4.73681
    endloop
  endfacet
  facet normal 0.0240924 -0.308923 0.950782
    outer loop
      vertex 64.6 -0.788228 4.66139
      vertex 65.4694 -0.486179 4.7375
      vertex 64.6 -0.553982 4.7375
    endloop
  endfacet
  facet normal 0.0240885 -0.308913 0.950785
    outer loop
      vertex 65.4694 -0.486179 4.7375
      vertex 64.6 -0.788228 4.66139
      vertex 65.5 -0.780497 4.6411
    endloop
  endfacet
  facet normal 0.89099 -0.454023 0
    outer loop
      vertex 66.8011 -0.901408 3.90237
      vertex 66.94 -0.628826 0.83513
      vertex 66.94 -0.628826 3.90237
    endloop
  endfacet
  facet normal 0.89099 -0.454023 0
    outer loop
      vertex 66.94 -0.628826 0.83513
      vertex 66.8011 -0.901408 3.90237
      vertex 66.8011 -0.901408 0.83513
    endloop
  endfacet
  facet normal 0.419116 -0.418927 0.805507
    outer loop
      vertex 66.3736 -0.590846 4.6296
      vertex 66.4215 -0.893006 4.44753
      vertex 66.5763 -0.738136 4.44753
    endloop
  endfacet
  facet normal 0.419079 -0.41894 0.805519
    outer loop
      vertex 66.4215 -0.893006 4.44753
      vertex 66.3736 -0.590846 4.6296
      vertex 66.2742 -0.690279 4.6296
    endloop
  endfacet
  facet normal 0.723781 0.369036 -0.583056
    outer loop
      vertex 66.6758 0.542989 0.289965
      vertex 66.5763 0.738136 0.289965
      vertex 66.7236 0.845149 0.540549
    endloop
  endfacet
  facet normal 0.951071 -0 0.308974
    outer loop
      vertex 66.8921 -0.326666 4.19695
      vertex 66.9878 0.326666 3.90237
      vertex 66.8921 0.326666 4.19695
    endloop
  endfacet
  facet normal 0.951071 0 0.308974
    outer loop
      vertex 66.9878 0.326666 3.90237
      vertex 66.8921 -0.326666 4.19695
      vertex 66.9878 -0.326666 3.90237
    endloop
  endfacet
  facet normal 0.432265 0.848384 0.305599
    outer loop
      vertex 66.3122 1.25662 3.90237
      vertex 66.2826 1.16559 4.19695
      vertex 66.5285 1.0403 4.19695
    endloop
  endfacet
  facet normal 0.723777 0.369034 0.583062
    outer loop
      vertex 66.7236 0.845149 4.19695
      vertex 66.5763 0.738136 4.44753
      vertex 66.6758 0.542989 4.44753
    endloop
  endfacet
  facet normal 0.574554 0.574404 0.58305
    outer loop
      vertex 66.5285 1.0403 4.19695
      vertex 66.5763 0.738136 4.44753
      vertex 66.7236 0.845149 4.19695
    endloop
  endfacet
  facet normal 0.574635 0.574375 0.582999
    outer loop
      vertex 66.5763 0.738136 4.44753
      vertex 66.5285 1.0403 4.19695
      vertex 66.4215 0.893006 4.44753
    endloop
  endfacet
  facet normal 0.148923 0.940444 0.305595
    outer loop
      vertex 66.2826 1.16559 4.19695
      vertex 66.2 1.23886 4.01172
      vertex 66.2 1.17867 4.19695
    endloop
  endfacet
  facet normal 0.148956 0.940443 0.30558
    outer loop
      vertex 66.2 1.23886 4.01172
      vertex 66.2826 1.16559 4.19695
      vertex 66.3122 1.25662 3.90237
    endloop
  endfacet
  facet normal 0.673406 -0.67323 -0.305429
    outer loop
      vertex 66.7236 -0.845149 0.540549
      vertex 66.5847 -1.11773 0.83513
      vertex 66.5285 -1.0403 0.540549
    endloop
  endfacet
  facet normal 0.673136 -0.673379 -0.305694
    outer loop
      vertex 66.5847 -1.11773 0.83513
      vertex 66.7236 -0.845149 0.540549
      vertex 66.8011 -0.901408 0.83513
    endloop
  endfacet
  facet normal 0.723781 -0.369036 -0.583056
    outer loop
      vertex 66.7236 -0.845149 0.540549
      vertex 66.5763 -0.738136 0.289965
      vertex 66.6758 -0.542989 0.289965
    endloop
  endfacet
  facet normal 0.527913 -0.269168 -0.805516
    outer loop
      vertex 66.5763 -0.738136 0.289965
      vertex 66.3736 -0.590846 0.107903
      vertex 66.6758 -0.542989 0.289965
    endloop
  endfacet
  facet normal 0.278447 0.141871 -0.949916
    outer loop
      vertex 66.3736 0.590846 0.107903
      vertex 66.2 0.417233 0.0310866
      vertex 66.2 0.464709 0.0381772
    endloop
  endfacet
  facet normal 0.0927912 -0.58537 0.805439
    outer loop
      vertex 66.2 -0.966117 4.46969
      vertex 66.2 -0.996608 4.44753
      vertex 66.2263 -0.992439 4.44753
    endloop
  endfacet
  facet normal 0.127202 -0.802449 0.583006
    outer loop
      vertex 66.2 -0.996608 4.44753
      vertex 66.2 -1.01876 4.41704
      vertex 66.2263 -0.992439 4.44753
    endloop
  endfacet
  facet normal 0.308647 0.0486681 0.949931
    outer loop
      vertex 66.2 0.388401 4.71072
      vertex 66.4594 0.326666 4.6296
      vertex 66.4375 0.465553 4.6296
    endloop
  endfacet
  facet normal 0.308669 0.0487798 0.949918
    outer loop
      vertex 66.4594 0.326666 4.6296
      vertex 66.2 0.388401 4.71072
      vertex 66.2 0.367759 4.71178
    endloop
  endfacet
  facet normal 0.278338 0.141954 0.949935
    outer loop
      vertex 66.2 0.417233 4.70641
      vertex 66.4375 0.465553 4.6296
      vertex 66.3736 0.590846 4.6296
    endloop
  endfacet
  facet normal 0.278327 0.142002 0.949931
    outer loop
      vertex 66.4375 0.465553 4.6296
      vertex 66.2 0.417233 4.70641
      vertex 66.2 0.388401 4.71072
    endloop
  endfacet
  facet normal 0.527926 0.269245 0.805482
    outer loop
      vertex 66.6758 0.542989 4.44753
      vertex 66.3736 0.590846 4.6296
      vertex 66.4375 0.465553 4.6296
    endloop
  endfacet
  facet normal 0.220959 0.220886 0.94994
    outer loop
      vertex 66.2 0.588179 4.6706
      vertex 66.3736 0.590846 4.6296
      vertex 66.2742 0.690279 4.6296
    endloop
  endfacet
  facet normal 0.220954 0.220959 0.949924
    outer loop
      vertex 66.3736 0.590846 4.6296
      vertex 66.2 0.588179 4.6706
      vertex 66.2 0.464709 4.69932
    endloop
  endfacet
  facet normal -0.278442 -0.141884 0.949915
    outer loop
      vertex 0.84271 -0.932857 6.19094
      vertex 0.626388 -1.14918 6.09522
      vertex 0.864709 -0.976029 6.19094
    endloop
  endfacet
  facet normal -0.278442 0.141884 0.949915
    outer loop
      vertex 0.864709 0.976029 6.19094
      vertex 0.626388 1.14918 6.09522
      vertex 0.84271 0.932857 6.19094
    endloop
  endfacet
  facet normal -0.308662 0.048881 0.949915
    outer loop
      vertex 0.84271 0.932857 6.19094
      vertex 0.54055 0.884999 6.09522
      vertex 0.835131 0.884999 6.19094
    endloop
  endfacet
  facet normal -0.14189 0.278439 0.949915
    outer loop
      vertex 0.942143 1.03229 6.19094
      vertex 0.725821 1.24861 6.09522
      vertex 0.898971 1.01029 6.19094
    endloop
  endfacet
  facet normal -0.527965 -0.269014 0.805534
    outer loop
      vertex 0.562549 -1.02389 6.09522
      vertex 0.324227 -1.10132 5.91316
      vertex 0.626388 -1.14918 6.09522
    endloop
  endfacet
  facet normal -0.278448 -0.141878 0.949914
    outer loop
      vertex 0.84271 -0.932857 6.19094
      vertex 0.562549 -1.02389 6.09522
      vertex 0.626388 -1.14918 6.09522
    endloop
  endfacet
  facet normal 0 -0.309032 0.951052
    outer loop
      vertex 0.990001 -1.03987 6.19094
      vertex 1.01 -1.33445 6.09522
      vertex 1.01 -1.03987 6.19094
    endloop
  endfacet
  facet normal 0 -0.309032 0.951052
    outer loop
      vertex 1.01 -1.33445 6.09522
      vertex 0.990001 -1.03987 6.19094
      vertex 0.990001 -1.33445 6.09522
    endloop
  endfacet
  facet normal -0.0488926 0.308663 0.949914
    outer loop
      vertex 0.990001 1.33445 6.09522
      vertex 0.851113 1.31245 6.09522
      vertex 0.942143 1.03229 6.19094
    endloop
  endfacet
  facet normal 0.0232844 -0.587623 0.8088
    outer loop
      vertex 1.01 -1.33445 6.09522
      vertex 62.3 -1.05857 4.53119
      vertex 62.3 -0.807984 4.71325
    endloop
  endfacet
  facet normal 0.0232843 -0.587632 0.808793
    outer loop
      vertex 62.3 -1.05857 4.53119
      vertex 1.01 -1.33445 6.09522
      vertex 1.01 -1.58503 5.91316
    endloop
  endfacet
  facet normal 0.02329 -0.587618 0.808803
    outer loop
      vertex 63 -0.801971 4.69747
      vertex 63.9 -1.04483 4.49511
      vertex 63.9 -0.794241 4.67717
    endloop
  endfacet
  facet normal 0.0232808 -0.58764 0.808788
    outer loop
      vertex 63.9 -1.04483 4.49511
      vertex 63 -0.801971 4.69747
      vertex 63 -1.05256 4.5154
    endloop
  endfacet
  facet normal 0.0232814 -0.587649 0.808781
    outer loop
      vertex 64.6 -0.788228 4.66139
      vertex 65.5 -1.03108 4.45903
      vertex 65.5 -0.780497 4.6411
    endloop
  endfacet
  facet normal 0.0232899 -0.587629 0.808795
    outer loop
      vertex 65.5 -1.03108 4.45903
      vertex 64.6 -0.788228 4.66139
      vertex 64.6 -1.03881 4.47933
    endloop
  endfacet
  facet normal -0.148943 -0.940417 0.305666
    outer loop
      vertex 0.927419 -1.77701 5.60156
      vertex 0.717419 -1.72392 5.66257
      vertex 0.711293 -1.74278 5.60156
    endloop
  endfacet
  facet normal -0.148976 -0.940442 0.305573
    outer loop
      vertex 0.717419 -1.72392 5.66257
      vertex 0.927419 -1.77701 5.60156
      vertex 0.990001 -1.7671 5.66257
    endloop
  endfacet
  facet normal -0.148925 -0.940466 0.305524
    outer loop
      vertex 0.990001 -1.7671 5.66257
      vertex 0.927419 -1.77701 5.60156
      vertex 0.990001 -1.78692 5.60156
    endloop
  endfacet
  facet normal -0.5745 -0.5745 0.58301
    outer loop
      vertex 0.42366 -1.29647 5.91316
      vertex 0.471518 -1.59863 5.66257
      vertex 0.57853 -1.45134 5.91316
    endloop
  endfacet
  facet normal -0.574504 -0.574498 0.583007
    outer loop
      vertex 0.471518 -1.59863 5.66257
      vertex 0.42366 -1.29647 5.91316
      vertex 0.27637 -1.40348 5.66257
    endloop
  endfacet
  facet normal -0.84837 -0.432316 0.305567
    outer loop
      vertex 0.27637 -1.40348 5.66257
      vertex 0.231566 -1.35868 5.60156
      vertex 0.260332 -1.41513 5.60156
    endloop
  endfacet
  facet normal -0.220962 -0.220968 -0.94992
    outer loop
      vertex 0.725821 -1.24861 0.107904
      vertex 0.864709 -0.976029 0.0121899
      vertex 0.898971 -1.01029 0.0121899
    endloop
  endfacet
  facet normal -0.220962 -0.220969 -0.94992
    outer loop
      vertex 0.864709 -0.976029 0.0121899
      vertex 0.725821 -1.24861 0.107904
      vertex 0.626388 -1.14918 0.107904
    endloop
  endfacet
  facet normal -0.220962 0.220968 -0.94992
    outer loop
      vertex 0.864709 0.976029 0.0121899
      vertex 0.725821 1.24861 0.107904
      vertex 0.898971 1.01029 0.0121899
    endloop
  endfacet
  facet normal -0.220962 0.220969 -0.94992
    outer loop
      vertex 0.725821 1.24861 0.107904
      vertex 0.864709 0.976029 0.0121899
      vertex 0.626388 1.14918 0.107904
    endloop
  endfacet
  facet normal 0.220978 0.220965 -0.949917
    outer loop
      vertex 66.2 0.588179 0.0668982
      vertex 66.3736 0.590846 0.107903
      vertex 66.2 0.464709 0.0381772
    endloop
  endfacet
  facet normal 0.220982 0.220909 -0.94993
    outer loop
      vertex 66.3736 0.590846 0.107903
      vertex 66.2 0.588179 0.0668982
      vertex 66.2742 0.690279 0.107903
    endloop
  endfacet
  facet normal 0.278359 -0.141964 -0.949928
    outer loop
      vertex 66.2 -0.417233 0.0310866
      vertex 66.4375 -0.465553 0.107903
      vertex 66.3736 -0.590846 0.107903
    endloop
  endfacet
  facet normal 0.27838 -0.141874 -0.949935
    outer loop
      vertex 66.4375 -0.465553 0.107903
      vertex 66.2 -0.417233 0.0310866
      vertex 66.2 -0.388401 0.0267805
    endloop
  endfacet
  facet normal 0.308698 -0.0488833 -0.949903
    outer loop
      vertex 66.4594 -0.326666 0.107903
      vertex 66.2 -0.367759 0.0257182
      vertex 66.2 -0.326666 0.0236035
    endloop
  endfacet
  facet normal 0.673136 0.673379 -0.305694
    outer loop
      vertex 66.7236 0.845149 0.540549
      vertex 66.5847 1.11773 0.83513
      vertex 66.8011 0.901408 0.83513
    endloop
  endfacet
  facet normal 0.673406 0.67323 -0.305429
    outer loop
      vertex 66.5847 1.11773 0.83513
      vertex 66.7236 0.845149 0.540549
      vertex 66.5285 1.0403 0.540549
    endloop
  endfacet
  facet normal 0.585393 0.092306 -0.805478
    outer loop
      vertex 66.4594 0.326666 0.107903
      vertex 66.4375 0.465553 0.107903
      vertex 66.6758 0.542989 0.289965
    endloop
  endfacet
  facet normal 0.585244 0.0925252 -0.805561
    outer loop
      vertex 66.71 0.326666 0.289965
      vertex 66.4594 0.326666 0.107903
      vertex 66.6758 0.542989 0.289965
    endloop
  endfacet
  facet normal 0.419104 0.418915 -0.805519
    outer loop
      vertex 66.3736 0.590846 0.107903
      vertex 66.4215 0.893006 0.289965
      vertex 66.5763 0.738136 0.289965
    endloop
  endfacet
  facet normal 0.419067 0.418928 -0.805532
    outer loop
      vertex 66.4215 0.893006 0.289965
      vertex 66.3736 0.590846 0.107903
      vertex 66.2742 0.690279 0.107903
    endloop
  endfacet
  facet normal -0.574495 0.574495 -0.583019
    outer loop
      vertex 0.42366 1.29647 0.289966
      vertex 0.471518 1.59863 0.54055
      vertex 0.57853 1.45134 0.289966
    endloop
  endfacet
  facet normal -0.574499 0.574493 -0.583016
    outer loop
      vertex 0.471518 1.59863 0.54055
      vertex 0.42366 1.29647 0.289966
      vertex 0.27637 1.40348 0.54055
    endloop
  endfacet
  facet normal -0.673291 0.673268 -0.305597
    outer loop
      vertex 0.471518 1.59863 0.54055
      vertex 0.260332 1.41513 0.601562
      vertex 0.459865 1.61467 0.601562
    endloop
  endfacet
  facet normal -0.673294 0.673287 -0.305548
    outer loop
      vertex 0.260332 1.41513 0.601562
      vertex 0.471518 1.59863 0.54055
      vertex 0.27637 1.40348 0.54055
    endloop
  endfacet
  facet normal -0.432202 0.848414 0.305606
    outer loop
      vertex 0.516321 1.64343 5.60156
      vertex 0.459865 1.61467 5.60156
      vertex 0.471518 1.59863 5.66257
    endloop
  endfacet
  facet normal -0.84837 0.432316 0.305567
    outer loop
      vertex 0.260332 1.41513 5.60156
      vertex 0.231566 1.35868 5.60156
      vertex 0.27637 1.40348 5.66257
    endloop
  endfacet
  facet normal -0.148976 0.940442 0.305573
    outer loop
      vertex 0.927419 1.77701 5.60156
      vertex 0.717419 1.72392 5.66257
      vertex 0.990001 1.7671 5.66257
    endloop
  endfacet
  facet normal -0.148943 0.940417 0.305666
    outer loop
      vertex 0.717419 1.72392 5.66257
      vertex 0.927419 1.77701 5.60156
      vertex 0.711293 1.74278 5.60156
    endloop
  endfacet
  facet normal -0.127118 0.802457 0.583012
    outer loop
      vertex 0.990001 1.7671 5.66257
      vertex 0.717419 1.72392 5.66257
      vertex 0.773678 1.55077 5.91316
    endloop
  endfacet
  facet normal -0.432287 0.848353 0.305657
    outer loop
      vertex 0.516321 1.64343 5.60156
      vertex 0.717419 1.72392 5.66257
      vertex 0.711293 1.74278 5.60156
    endloop
  endfacet
  facet normal -0.432272 0.848401 0.305544
    outer loop
      vertex 0.717419 1.72392 5.66257
      vertex 0.516321 1.64343 5.60156
      vertex 0.471518 1.59863 5.66257
    endloop
  endfacet
  facet normal -0.220974 0.220981 0.949915
    outer loop
      vertex 0.725821 1.24861 6.09522
      vertex 0.864709 0.976029 6.19094
      vertex 0.898971 1.01029 6.19094
    endloop
  endfacet
  facet normal -0.220974 0.220981 0.949915
    outer loop
      vertex 0.864709 0.976029 6.19094
      vertex 0.725821 1.24861 6.09522
      vertex 0.626388 1.14918 6.09522
    endloop
  endfacet
  facet normal 0.848325 -0.432282 -0.305739
    outer loop
      vertex 66.8011 -0.901408 0.83513
      vertex 66.7236 -0.845149 0.540549
      vertex 66.94 -0.628826 0.83513
    endloop
  endfacet
  facet normal 0.527928 0.269176 0.805503
    outer loop
      vertex 66.5763 0.738136 4.44753
      vertex 66.3736 0.590846 4.6296
      vertex 66.6758 0.542989 4.44753
    endloop
  endfacet
  facet normal 0.673136 0.673379 0.305695
    outer loop
      vertex 66.5847 1.11773 3.90237
      vertex 66.7236 0.845149 4.19695
      vertex 66.8011 0.901408 3.90237
    endloop
  endfacet
  facet normal 0.673405 0.673229 0.30543
    outer loop
      vertex 66.7236 0.845149 4.19695
      vertex 66.5847 1.11773 3.90237
      vertex 66.5285 1.0403 4.19695
    endloop
  endfacet
  facet normal 0.26895 -0.527994 0.805536
    outer loop
      vertex 66.2 -0.911428 4.50942
      vertex 66.2742 -0.690279 4.6296
      vertex 66.2 -0.728075 4.6296
    endloop
  endfacet
  facet normal 0.26908 -0.528009 0.805483
    outer loop
      vertex 66.2742 -0.690279 4.6296
      vertex 66.2 -0.911428 4.50942
      vertex 66.2263 -0.992439 4.44753
    endloop
  endfacet
  facet normal 0.141823 -0.278423 0.94993
    outer loop
      vertex 66.2 -0.616099 4.66242
      vertex 66.2 -0.728075 4.6296
      vertex 66.2742 -0.690279 4.6296
    endloop
  endfacet
  facet normal 0.58526 0.0925279 0.805549
    outer loop
      vertex 66.6758 0.542989 4.44753
      vertex 66.4594 0.326666 4.6296
      vertex 66.71 0.326666 4.44753
    endloop
  endfacet
  facet normal 0.0229078 0.0452554 0.998713
    outer loop
      vertex 62.3 0.506235 4.81004
      vertex 1.10103 1.01029 6.19094
      vertex 62.3 0.484608 4.81102
    endloop
  endfacet
  facet normal 0.0229056 0.044947 0.998727
    outer loop
      vertex 1.10103 1.01029 6.19094
      vertex 62.3 0.506235 4.81004
      vertex 1.05786 1.03229 6.19094
    endloop
  endfacet
  facet normal 0.0226389 -0.0113959 0.999679
    outer loop
      vertex 1.15729 -0.932857 6.19094
      vertex 62.3 -0.45064 4.81179
      vertex 62.3 -0.407656 4.81228
    endloop
  endfacet
  facet normal 0.02264 -0.0115371 0.999677
    outer loop
      vertex 62.3 -0.45064 4.81179
      vertex 1.15729 -0.932857 6.19094
      vertex 1.13529 -0.976029 6.19094
    endloop
  endfacet
  facet normal 0.0229078 -0.0452554 0.998713
    outer loop
      vertex 1.10103 -1.01029 6.19094
      vertex 62.3 -0.506235 4.81004
      vertex 62.3 -0.484608 4.81102
    endloop
  endfacet
  facet normal 0.0229056 -0.044947 0.998727
    outer loop
      vertex 62.3 -0.506235 4.81004
      vertex 1.10103 -1.01029 6.19094
      vertex 1.05786 -1.03229 6.19094
    endloop
  endfacet
  facet normal -0.368843 -0.723916 0.583009
    outer loop
      vertex 0.57853 -1.45134 5.91316
      vertex 0.471518 -1.59863 5.66257
      vertex 0.773678 -1.55077 5.91316
    endloop
  endfacet
  facet normal -0.269004 -0.527965 0.805537
    outer loop
      vertex 0.725821 -1.24861 6.09522
      vertex 0.57853 -1.45134 5.91316
      vertex 0.773678 -1.55077 5.91316
    endloop
  endfacet
  facet normal -1.46496e-08 0 -1
    outer loop
      vertex 62.3 0.404954 0.012189
      vertex 0.864709 0.976029 0.0121899
      vertex 62.3 0.448316 0.012189
    endloop
  endfacet
  facet normal -1.45805e-08 7.42973e-09 -1
    outer loop
      vertex 0.864709 0.976029 0.0121899
      vertex 62.3 0.404954 0.012189
      vertex 0.84271 0.932857 0.0121899
    endloop
  endfacet
  facet normal -1.11111e-07 0 -1
    outer loop
      vertex 63 0.398941 0.012189
      vertex 63.9 0.434572 0.0121889
      vertex 63.9 0.391211 0.0121889
    endloop
  endfacet
  facet normal -1.11111e-07 0 -1
    outer loop
      vertex 63.9 0.434572 0.0121889
      vertex 63 0.398941 0.012189
      vertex 63 0.442303 0.012189
    endloop
  endfacet
  facet normal 0 0 -1
    outer loop
      vertex 64.6 0.385198 0.0121889
      vertex 65.5 0.420829 0.0121889
      vertex 65.5 0.377467 0.0121889
    endloop
  endfacet
  facet normal -0 0 -1
    outer loop
      vertex 65.5 0.420829 0.0121889
      vertex 64.6 0.385198 0.0121889
      vertex 64.6 0.42856 0.0121889
    endloop
  endfacet
  facet normal -0.278426 0.141877 -0.949921
    outer loop
      vertex 0.84271 0.932857 0.0121899
      vertex 0.626388 1.14918 0.107904
      vertex 0.864709 0.976029 0.0121899
    endloop
  endfacet
  facet normal -0.141882 -0.278424 -0.949921
    outer loop
      vertex 0.942143 -1.03229 0.0121899
      vertex 0.725821 -1.24861 0.107904
      vertex 0.898971 -1.01029 0.0121899
    endloop
  endfacet
  facet normal 0.432265 0.848384 -0.305598
    outer loop
      vertex 66.5285 1.0403 0.540549
      vertex 66.2826 1.16559 0.540549
      vertex 66.3122 1.25662 0.83513
    endloop
  endfacet
  facet normal 0.368829 0.723881 -0.583061
    outer loop
      vertex 66.5285 1.0403 0.540549
      vertex 66.2263 0.992439 0.289965
      vertex 66.2826 1.16559 0.540549
    endloop
  endfacet
  facet normal -0.5745 0.5745 0.58301
    outer loop
      vertex 0.471518 1.59863 5.66257
      vertex 0.42366 1.29647 5.91316
      vertex 0.57853 1.45134 5.91316
    endloop
  endfacet
  facet normal -0.574504 0.574498 0.583007
    outer loop
      vertex 0.42366 1.29647 5.91316
      vertex 0.471518 1.59863 5.66257
      vertex 0.27637 1.40348 5.66257
    endloop
  endfacet
  facet normal 0 0.951072 0.30897
    outer loop
      vertex 1.01 1.78692 5.60156
      vertex 0.990001 1.7671 5.66257
      vertex 1.01 1.7671 5.66257
    endloop
  endfacet
  facet normal 0 0.951072 0.30897
    outer loop
      vertex 0.990001 1.7671 5.66257
      vertex 1.01 1.78692 5.60156
      vertex 0.990001 1.78692 5.60156
    endloop
  endfacet
  facet normal -0.0926903 0.585261 0.80553
    outer loop
      vertex 0.990001 1.58503 5.91316
      vertex 0.773678 1.55077 5.91316
      vertex 0.990001 1.33445 6.09522
    endloop
  endfacet
  facet normal -0 0.587792 0.809012
    outer loop
      vertex 0.990001 1.58503 5.91316
      vertex 1.01 1.33445 6.09522
      vertex 1.01 1.58503 5.91316
    endloop
  endfacet
  facet normal 0 0.587792 0.809012
    outer loop
      vertex 1.01 1.33445 6.09522
      vertex 0.990001 1.58503 5.91316
      vertex 0.990001 1.33445 6.09522
    endloop
  endfacet
  facet normal -0.0488926 -0.308663 0.949914
    outer loop
      vertex 0.942143 -1.03229 6.19094
      vertex 0.851113 -1.31245 6.09522
      vertex 0.990001 -1.33445 6.09522
    endloop
  endfacet
  facet normal -0.141879 -0.27845 0.949914
    outer loop
      vertex 0.942143 -1.03229 6.19094
      vertex 0.725821 -1.24861 6.09522
      vertex 0.851113 -1.31245 6.09522
    endloop
  endfacet
  facet normal -0.418985 -0.418998 0.805538
    outer loop
      vertex 0.626388 -1.14918 6.09522
      vertex 0.57853 -1.45134 5.91316
      vertex 0.725821 -1.24861 6.09522
    endloop
  endfacet
  facet normal -0.418995 -0.418995 0.805535
    outer loop
      vertex 0.57853 -1.45134 5.91316
      vertex 0.626388 -1.14918 6.09522
      vertex 0.42366 -1.29647 5.91316
    endloop
  endfacet
  facet normal -0.527965 -0.269009 0.805535
    outer loop
      vertex 0.626388 -1.14918 6.09522
      vertex 0.324227 -1.10132 5.91316
      vertex 0.42366 -1.29647 5.91316
    endloop
  endfacet
  facet normal 0.0227311 -0.0226567 0.999485
    outer loop
      vertex 1.13529 -0.976029 6.19094
      vertex 62.3 -0.484608 4.81102
      vertex 62.3 -0.45064 4.81179
    endloop
  endfacet
  facet normal 0.0227317 -0.022731 0.999483
    outer loop
      vertex 62.3 -0.484608 4.81102
      vertex 1.13529 -0.976029 6.19094
      vertex 1.10103 -1.01029 6.19094
    endloop
  endfacet
  facet normal 0 0 1
    outer loop
      vertex 1.01 1.03987 6.19094
      vertex 1.16487 0.884999 6.19094
      vertex 1.15729 0.932857 6.19094
    endloop
  endfacet
  facet normal 0 0 1
    outer loop
      vertex 1.16487 0.884999 6.19094
      vertex 0.835131 0.884999 6.19094
      vertex 1.16487 -0.884999 6.19094
    endloop
  endfacet
  facet normal 0 0 1
    outer loop
      vertex 1.01 1.03987 6.19094
      vertex 1.15729 0.932857 6.19094
      vertex 1.13529 0.976029 6.19094
    endloop
  endfacet
  facet normal 0 0 1
    outer loop
      vertex 0.835131 -0.884999 6.19094
      vertex 1.16487 -0.884999 6.19094
      vertex 0.835131 0.884999 6.19094
    endloop
  endfacet
  facet normal 0 0 1
    outer loop
      vertex 1.01 1.03987 6.19094
      vertex 1.13529 0.976029 6.19094
      vertex 1.10103 1.01029 6.19094
    endloop
  endfacet
  facet normal 0 -0 1
    outer loop
      vertex 1.01 -1.03987 6.19094
      vertex 1.16487 -0.884999 6.19094
      vertex 0.835131 -0.884999 6.19094
    endloop
  endfacet
  facet normal 0 0 1
    outer loop
      vertex 1.01 1.03987 6.19094
      vertex 1.10103 1.01029 6.19094
      vertex 1.05786 1.03229 6.19094
    endloop
  endfacet
  facet normal 0 0 1
    outer loop
      vertex 1.16487 -0.884999 6.19094
      vertex 1.01 -1.03987 6.19094
      vertex 1.15729 -0.932857 6.19094
    endloop
  endfacet
  facet normal 0 0 1
    outer loop
      vertex 1.16487 0.884999 6.19094
      vertex 1.01 1.03987 6.19094
      vertex 0.835131 0.884999 6.19094
    endloop
  endfacet
  facet normal 0 0 1
    outer loop
      vertex 1.15729 -0.932857 6.19094
      vertex 1.01 -1.03987 6.19094
      vertex 1.13529 -0.976029 6.19094
    endloop
  endfacet
  facet normal 0 0 1
    outer loop
      vertex 0.835131 0.884999 6.19094
      vertex 1.01 1.03987 6.19094
      vertex 0.990001 1.03987 6.19094
    endloop
  endfacet
  facet normal 0 0 1
    outer loop
      vertex 1.13529 -0.976029 6.19094
      vertex 1.01 -1.03987 6.19094
      vertex 1.10103 -1.01029 6.19094
    endloop
  endfacet
  facet normal 0 0 1
    outer loop
      vertex 0.835131 0.884999 6.19094
      vertex 0.990001 1.03987 6.19094
      vertex 0.942143 1.03229 6.19094
    endloop
  endfacet
  facet normal 0 0 1
    outer loop
      vertex 1.10103 -1.01029 6.19094
      vertex 1.01 -1.03987 6.19094
      vertex 1.05786 -1.03229 6.19094
    endloop
  endfacet
  facet normal 0 0 1
    outer loop
      vertex 0.835131 0.884999 6.19094
      vertex 0.942143 1.03229 6.19094
      vertex 0.898971 1.01029 6.19094
    endloop
  endfacet
  facet normal 0 0 1
    outer loop
      vertex 1.01 -1.03987 6.19094
      vertex 0.835131 -0.884999 6.19094
      vertex 0.990001 -1.03987 6.19094
    endloop
  endfacet
  facet normal 0 0 1
    outer loop
      vertex 0.835131 0.884999 6.19094
      vertex 0.898971 1.01029 6.19094
      vertex 0.864709 0.976029 6.19094
    endloop
  endfacet
  facet normal 0 0 1
    outer loop
      vertex 0.990001 -1.03987 6.19094
      vertex 0.835131 -0.884999 6.19094
      vertex 0.942143 -1.03229 6.19094
    endloop
  endfacet
  facet normal 0 0 1
    outer loop
      vertex 0.835131 0.884999 6.19094
      vertex 0.864709 0.976029 6.19094
      vertex 0.84271 0.932857 6.19094
    endloop
  endfacet
  facet normal 0 0 1
    outer loop
      vertex 0.942143 -1.03229 6.19094
      vertex 0.835131 -0.884999 6.19094
      vertex 0.898971 -1.01029 6.19094
    endloop
  endfacet
  facet normal 0 0 1
    outer loop
      vertex 0.898971 -1.01029 6.19094
      vertex 0.835131 -0.884999 6.19094
      vertex 0.864709 -0.976029 6.19094
    endloop
  endfacet
  facet normal 0 0 1
    outer loop
      vertex 0.864709 -0.976029 6.19094
      vertex 0.835131 -0.884999 6.19094
      vertex 0.84271 -0.932857 6.19094
    endloop
  endfacet
  facet normal 1 -0 0
    outer loop
      vertex 67 -1.31667 6.1375
      vertex 67 1.31667 4.7375
      vertex 67 1.31667 6.1375
    endloop
  endfacet
  facet normal 1 0 0
    outer loop
      vertex 67 1.31667 4.7375
      vertex 67 -1.31667 6.1375
      vertex 67 -1.31667 4.7375
    endloop
  endfacet
  facet normal -0 0 1
    outer loop
      vertex 63 1.31667 6.1375
      vertex 67 -1.31667 6.1375
      vertex 67 1.31667 6.1375
    endloop
  endfacet
  facet normal 0 0 1
    outer loop
      vertex 67 -1.31667 6.1375
      vertex 63 1.31667 6.1375
      vertex 63 -1.31667 6.1375
    endloop
  endfacet
  facet normal 0 0 -1
    outer loop
      vertex 66.2 -1.31667 4.7375
      vertex 67 1.31667 4.7375
      vertex 67 -1.31667 4.7375
    endloop
  endfacet
  facet normal -0 0 -1
    outer loop
      vertex 67 1.31667 4.7375
      vertex 66.2 -1.31667 4.7375
      vertex 66.2 1.31667 4.7375
    endloop
  endfacet
  facet normal 0 0 -1
    outer loop
      vertex 63 -0.67876 4.7375
      vertex 63.9 -1.31667 4.7375
      vertex 63 -1.31667 4.7375
    endloop
  endfacet
  facet normal 0 0 -1
    outer loop
      vertex 63.9 -1.31667 4.7375
      vertex 63 -0.67876 4.7375
      vertex 63.9 -0.608572 4.7375
    endloop
  endfacet
  facet normal 0 0 -1
    outer loop
      vertex 63 0.67876 4.7375
      vertex 63.9 1.31667 4.7375
      vertex 63.9 0.608572 4.7375
    endloop
  endfacet
  facet normal -0 0 -1
    outer loop
      vertex 63.9 1.31667 4.7375
      vertex 63 0.67876 4.7375
      vertex 63 1.31667 4.7375
    endloop
  endfacet
  facet normal 0 0 -1
    outer loop
      vertex 65.4694 0.486179 4.7375
      vertex 65.5 1.31667 4.7375
      vertex 65.5 0.481337 4.7375
    endloop
  endfacet
  facet normal 0 0 -1
    outer loop
      vertex 64.6 0.553982 4.7375
      vertex 65.5 1.31667 4.7375
      vertex 65.4694 0.486179 4.7375
    endloop
  endfacet
  facet normal -0 0 -1
    outer loop
      vertex 65.5 1.31667 4.7375
      vertex 64.6 0.553982 4.7375
      vertex 64.6 1.31667 4.7375
    endloop
  endfacet
  facet normal 0 0 -1
    outer loop
      vertex 65.5 -1.31667 4.7375
      vertex 65.4694 -0.486179 4.7375
      vertex 65.5 -0.481337 4.7375
    endloop
  endfacet
  facet normal 0 0 -1
    outer loop
      vertex 64.6 -0.553982 4.7375
      vertex 65.5 -1.31667 4.7375
      vertex 64.6 -1.31667 4.7375
    endloop
  endfacet
  facet normal 0 0 -1
    outer loop
      vertex 65.5 -1.31667 4.7375
      vertex 64.6 -0.553982 4.7375
      vertex 65.4694 -0.486179 4.7375
    endloop
  endfacet
  facet normal -1 0 0
    outer loop
      vertex 63 -1.31667 5.7375
      vertex 63 1.31667 6.1375
      vertex 63 1.31667 5.7375
    endloop
  endfacet
  facet normal -1 -0 0
    outer loop
      vertex 63 1.31667 6.1375
      vertex 63 -1.31667 5.7375
      vertex 63 -1.31667 6.1375
    endloop
  endfacet
  facet normal -1 0 0
    outer loop
      vertex 63 0.351019 0.012189
      vertex 63 1.33033 0.83513
      vertex 63 1.23462 0.540549
    endloop
  endfacet
  facet normal -1 0 0
    outer loop
      vertex 63 1.33033 0.83513
      vertex 63 -1.33033 0.83513
      vertex 63 1.33033 3.97024
    endloop
  endfacet
  facet normal -1 0 0
    outer loop
      vertex 63 0.351019 0.012189
      vertex 63 1.23462 0.540549
      vertex 63 1.05256 0.289965
    endloop
  endfacet
  facet normal -1 0 0
    outer loop
      vertex 63 -1.33033 3.97024
      vertex 63 1.33033 3.97024
      vertex 63 -1.33033 0.83513
    endloop
  endfacet
  facet normal -1 0 0
    outer loop
      vertex 63 0.398941 0.012189
      vertex 63 1.05256 0.289965
      vertex 63 0.801971 0.107904
    endloop
  endfacet
  facet normal -1 0 -0
    outer loop
      vertex 63 0.67876 4.7375
      vertex 63 1.33033 3.97024
      vertex 63 -1.33033 3.97024
    endloop
  endfacet
  facet normal -1 0 0
    outer loop
      vertex 63 1.33033 3.97024
      vertex 63 0.67876 4.7375
      vertex 63 1.23462 4.26482
    endloop
  endfacet
  facet normal -1 0 0
    outer loop
      vertex 63 0.507219 0.012189
      vertex 63 0.801971 0.107904
      vertex 63 0.507391 0.012189
    endloop
  endfacet
  facet normal -1 0 0
    outer loop
      vertex 63 0.67876 4.7375
      vertex 63 1.31667 5.7375
      vertex 63 1.31667 4.7375
    endloop
  endfacet
  facet normal -1 0 0
    outer loop
      vertex 63 0.499228 0.012189
      vertex 63 0.801971 0.107904
      vertex 63 0.507219 0.012189
    endloop
  endfacet
  facet normal -1 0 0
    outer loop
      vertex 63 0.476859 0.012189
      vertex 63 0.801971 0.107904
      vertex 63 0.499228 0.012189
    endloop
  endfacet
  facet normal -1 0 0
    outer loop
      vertex 63 0.442303 0.012189
      vertex 63 0.801971 0.107904
      vertex 63 0.476859 0.012189
    endloop
  endfacet
  facet normal -1 0 0
    outer loop
      vertex 63 0.398941 0.012189
      vertex 63 0.801971 0.107904
      vertex 63 0.442303 0.012189
    endloop
  endfacet
  facet normal -1 0 0
    outer loop
      vertex 63 1.05256 0.289965
      vertex 63 0.398941 0.012189
      vertex 63 0.351019 0.012189
    endloop
  endfacet
  facet normal -1 -0 0
    outer loop
      vertex 63 1.33033 0.83513
      vertex 63 0.351019 0.012189
      vertex 63 -1.33033 0.83513
    endloop
  endfacet
  facet normal -1 0 0
    outer loop
      vertex 63 -1.33033 0.83513
      vertex 63 0.351019 0.012189
      vertex 63 -0.351019 0.012189
    endloop
  endfacet
  facet normal -1 0 0
    outer loop
      vertex 63 -1.33033 0.83513
      vertex 63 -0.351019 0.012189
      vertex 63 -0.398941 0.012189
    endloop
  endfacet
  facet normal -1 0 0
    outer loop
      vertex 63 -0.801971 0.107904
      vertex 63 -0.398941 0.012189
      vertex 63 -0.442303 0.012189
    endloop
  endfacet
  facet normal -1 0 0
    outer loop
      vertex 63 -0.801971 0.107904
      vertex 63 -0.442303 0.012189
      vertex 63 -0.476859 0.012189
    endloop
  endfacet
  facet normal -1 0 0
    outer loop
      vertex 63 -0.801971 0.107904
      vertex 63 -0.476859 0.012189
      vertex 63 -0.499228 0.012189
    endloop
  endfacet
  facet normal -1 0 0
    outer loop
      vertex 63 -0.801971 0.107904
      vertex 63 -0.499228 0.012189
      vertex 63 -0.507219 0.012189
    endloop
  endfacet
  facet normal -1 0 0
    outer loop
      vertex 63 -0.801971 0.107904
      vertex 63 -0.507219 0.012189
      vertex 63 -0.507391 0.012189
    endloop
  endfacet
  facet normal -1 0 0
    outer loop
      vertex 63 1.23462 4.26482
      vertex 63 0.67876 4.7375
      vertex 63 1.05256 4.5154
    endloop
  endfacet
  facet normal -1 0 0
    outer loop
      vertex 63 -0.67876 4.7375
      vertex 63 1.31667 5.7375
      vertex 63 0.67876 4.7375
    endloop
  endfacet
  facet normal -1 0 0
    outer loop
      vertex 63 -1.31667 5.7375
      vertex 63 -0.67876 4.7375
      vertex 63 -1.31667 4.7375
    endloop
  endfacet
  facet normal -1 0 0
    outer loop
      vertex 63 -0.67876 4.7375
      vertex 63 -1.31667 5.7375
      vertex 63 1.31667 5.7375
    endloop
  endfacet
  facet normal -1 0 0
    outer loop
      vertex 63 -0.398941 0.012189
      vertex 63 -0.801971 0.107904
      vertex 63 -1.05256 0.289965
    endloop
  endfacet
  facet normal -1 0 0
    outer loop
      vertex 63 1.05256 4.5154
      vertex 63 0.67876 4.7375
      vertex 63 0.801971 4.69747
    endloop
  endfacet
  facet normal -1 0 0
    outer loop
      vertex 63 -0.398941 0.012189
      vertex 63 -1.05256 0.289965
      vertex 63 -1.33033 0.83513
    endloop
  endfacet
  facet normal -1 -0 0
    outer loop
      vertex 63 0.67876 4.7375
      vertex 63 -1.33033 3.97024
      vertex 63 -0.67876 4.7375
    endloop
  endfacet
  facet normal -1 0 0
    outer loop
      vertex 63 -1.33033 0.83513
      vertex 63 -1.05256 0.289965
      vertex 63 -1.23462 0.540549
    endloop
  endfacet
  facet normal -1 0 -0
    outer loop
      vertex 63 -1.23462 4.26482
      vertex 63 -0.67876 4.7375
      vertex 63 -1.33033 3.97024
    endloop
  endfacet
  facet normal -1 0 0
    outer loop
      vertex 63 -0.67876 4.7375
      vertex 63 -1.05256 4.5154
      vertex 63 -0.801971 4.69747
    endloop
  endfacet
  facet normal -1 0 0
    outer loop
      vertex 63 -0.67876 4.7375
      vertex 63 -1.23462 4.26482
      vertex 63 -1.05256 4.5154
    endloop
  endfacet
  facet normal -1 0 0
    outer loop
      vertex 63 -2.29252 3.45537
      vertex 63 -1.34235 4.55492
      vertex 63 -1.34235 3.45492
    endloop
  endfacet
  facet normal -1 0 0
    outer loop
      vertex 63 -2.29252 3.45537
      vertex 63 -1.34235 3.45492
      vertex 63 -2.29235 3.45492
    endloop
  endfacet
  facet normal -1 0 0
    outer loop
      vertex 63 -2.29252 4.55537
      vertex 63 -1.34235 4.55492
      vertex 63 -2.29252 3.45537
    endloop
  endfacet
  facet normal -1 0 0
    outer loop
      vertex 63 -1.34235 4.55492
      vertex 63 -2.29252 4.55537
      vertex 63 -1.34252 4.55537
    endloop
  endfacet
  facet normal -1 0 0
    outer loop
      vertex 63 1.34235 3.45492
      vertex 63 2.29252 3.45537
      vertex 63 2.29235 3.45492
    endloop
  endfacet
  facet normal -1 0 0
    outer loop
      vertex 63 2.29252 3.45537
      vertex 63 1.34235 4.55492
      vertex 63 2.29252 4.55537
    endloop
  endfacet
  facet normal -1 -0 0
    outer loop
      vertex 63 2.29252 3.45537
      vertex 63 1.34235 3.45492
      vertex 63 1.34235 4.55492
    endloop
  endfacet
  facet normal -1 -0 0
    outer loop
      vertex 63 2.29252 4.55537
      vertex 63 1.34235 4.55492
      vertex 63 1.34252 4.55537
    endloop
  endfacet
  facet normal 0 1 -0
    outer loop
      vertex 65.5 1.31667 4.7375
      vertex 64.6 1.31667 5.7375
      vertex 65.5 1.31667 5.7375
    endloop
  endfacet
  facet normal 0 1 0
    outer loop
      vertex 64.6 1.31667 5.7375
      vertex 65.5 1.31667 4.7375
      vertex 64.6 1.31667 4.7375
    endloop
  endfacet
  facet normal 0 1 0
    outer loop
      vertex 65.5 1.31667 5.7375
      vertex 67 1.31667 6.1375
      vertex 66.2 1.31667 5.7375
    endloop
  endfacet
  facet normal 0 1 -0
    outer loop
      vertex 67 1.31667 4.7375
      vertex 66.2 1.31667 5.7375
      vertex 67 1.31667 6.1375
    endloop
  endfacet
  facet normal 0 1 0
    outer loop
      vertex 66.2 1.31667 5.7375
      vertex 67 1.31667 4.7375
      vertex 66.2 1.31667 4.7375
    endloop
  endfacet
  facet normal 0 1 0
    outer loop
      vertex 64.6 1.31667 5.7375
      vertex 67 1.31667 6.1375
      vertex 65.5 1.31667 5.7375
    endloop
  endfacet
  facet normal 0 1 0
    outer loop
      vertex 67 1.31667 6.1375
      vertex 64.6 1.31667 5.7375
      vertex 63 1.31667 6.1375
    endloop
  endfacet
  facet normal 0 1 -0
    outer loop
      vertex 63.9 1.31667 5.7375
      vertex 63 1.31667 6.1375
      vertex 64.6 1.31667 5.7375
    endloop
  endfacet
  facet normal 0 1 0
    outer loop
      vertex 63.9 1.31667 5.7375
      vertex 63 1.31667 5.7375
      vertex 63 1.31667 6.1375
    endloop
  endfacet
  facet normal 0 1 -0
    outer loop
      vertex 63.9 1.31667 4.7375
      vertex 63 1.31667 5.7375
      vertex 63.9 1.31667 5.7375
    endloop
  endfacet
  facet normal 0 1 0
    outer loop
      vertex 63 1.31667 5.7375
      vertex 63.9 1.31667 4.7375
      vertex 63 1.31667 4.7375
    endloop
  endfacet
  facet normal 0 -1 0
    outer loop
      vertex 64.6 -1.31667 4.7375
      vertex 65.5 -1.31667 5.7375
      vertex 64.6 -1.31667 5.7375
    endloop
  endfacet
  facet normal 0 -1 -0
    outer loop
      vertex 65.5 -1.31667 5.7375
      vertex 64.6 -1.31667 4.7375
      vertex 65.5 -1.31667 4.7375
    endloop
  endfacet
  facet normal 0 -1 0
    outer loop
      vertex 63 -1.31667 4.7375
      vertex 63.9 -1.31667 5.7375
      vertex 63 -1.31667 5.7375
    endloop
  endfacet
  facet normal 0 -1 -0
    outer loop
      vertex 63.9 -1.31667 5.7375
      vertex 63 -1.31667 4.7375
      vertex 63.9 -1.31667 4.7375
    endloop
  endfacet
  facet normal 0 -1 0
    outer loop
      vertex 63.9 -1.31667 5.7375
      vertex 63 -1.31667 6.1375
      vertex 63 -1.31667 5.7375
    endloop
  endfacet
  facet normal 0 -1 0
    outer loop
      vertex 64.6 -1.31667 5.7375
      vertex 63 -1.31667 6.1375
      vertex 63.9 -1.31667 5.7375
    endloop
  endfacet
  facet normal 0 -1 0
    outer loop
      vertex 63 -1.31667 6.1375
      vertex 64.6 -1.31667 5.7375
      vertex 67 -1.31667 6.1375
    endloop
  endfacet
  facet normal 0 -1 0
    outer loop
      vertex 65.5 -1.31667 5.7375
      vertex 67 -1.31667 6.1375
      vertex 64.6 -1.31667 5.7375
    endloop
  endfacet
  facet normal 0 -1 0
    outer loop
      vertex 66.2 -1.31667 5.7375
      vertex 67 -1.31667 6.1375
      vertex 65.5 -1.31667 5.7375
    endloop
  endfacet
  facet normal 0 -1 0
    outer loop
      vertex 67 -1.31667 4.7375
      vertex 66.2 -1.31667 5.7375
      vertex 66.2 -1.31667 4.7375
    endloop
  endfacet
  facet normal 0 -1 0
    outer loop
      vertex 66.2 -1.31667 5.7375
      vertex 67 -1.31667 4.7375
      vertex 67 -1.31667 6.1375
    endloop
  endfacet
  facet normal -1 0 0
    outer loop
      vertex 66.2 0.326666 0.0236035
      vertex 66.2 1.27438 0.83513
      vertex 66.2 1.23886 0.725784
    endloop
  endfacet
  facet normal -1 0 0
    outer loop
      vertex 66.2 1.27438 0.83513
      vertex 66.2 -1.27438 0.83513
      vertex 66.2 1.27438 3.90237
    endloop
  endfacet
  facet normal -1 0 0
    outer loop
      vertex 66.2 1.01876 0.320456
      vertex 66.2 1.23886 0.725784
      vertex 66.2 1.17867 0.540549
    endloop
  endfacet
  facet normal -1 0 0
    outer loop
      vertex 66.2 -1.27438 3.90237
      vertex 66.2 1.27438 3.90237
      vertex 66.2 -1.27438 0.83513
    endloop
  endfacet
  facet normal -1 0 0
    outer loop
      vertex 66.2 1.23886 0.725784
      vertex 66.2 1.01876 0.320456
      vertex 66.2 0.911428 0.228077
    endloop
  endfacet
  facet normal -1 0 -0
    outer loop
      vertex 66.2 0.326666 4.7139
      vertex 66.2 1.27438 3.90237
      vertex 66.2 -1.27438 3.90237
    endloop
  endfacet
  facet normal -1 0 0
    outer loop
      vertex 66.2 0.966117 0.267811
      vertex 66.2 1.01876 0.320456
      vertex 66.2 0.996608 0.289965
    endloop
  endfacet
  facet normal -1 0 0
    outer loop
      vertex 66.2 1.27438 3.90237
      vertex 66.2 0.326666 4.7139
      vertex 66.2 1.23886 4.01172
    endloop
  endfacet
  facet normal -1 0 0
    outer loop
      vertex 66.2 0.911428 0.228077
      vertex 66.2 1.01876 0.320456
      vertex 66.2 0.966117 0.267811
    endloop
  endfacet
  facet normal -1 -0 -0
    outer loop
      vertex 66.2 0.464709 4.69932
      vertex 66.2 1.23886 4.01172
      vertex 66.2 0.326666 4.7139
    endloop
  endfacet
  facet normal -1 0 0
    outer loop
      vertex 66.2 1.23886 0.725784
      vertex 66.2 0.911428 0.228077
      vertex 66.2 0.588179 0.0668982
    endloop
  endfacet
  facet normal -1 -0 -0
    outer loop
      vertex 66.2 0.911428 4.50942
      vertex 66.2 1.23886 4.01172
      vertex 66.2 0.588179 4.6706
    endloop
  endfacet
  facet normal -1 0 0
    outer loop
      vertex 66.2 0.616099 0.0750818
      vertex 66.2 0.911428 0.228077
      vertex 66.2 0.728075 0.107903
    endloop
  endfacet
  facet normal -1 0 0
    outer loop
      vertex 66.2 1.23886 4.01172
      vertex 66.2 1.01876 4.41704
      vertex 66.2 1.17867 4.19695
    endloop
  endfacet
  facet normal -1 0 0
    outer loop
      vertex 66.2 0.588179 0.0668982
      vertex 66.2 0.911428 0.228077
      vertex 66.2 0.616099 0.0750818
    endloop
  endfacet
  facet normal -1 0 0
    outer loop
      vertex 66.2 1.01876 4.41704
      vertex 66.2 0.966117 4.46969
      vertex 66.2 0.996608 4.44753
    endloop
  endfacet
  facet normal -1 0 0
    outer loop
      vertex 66.2 0.464709 0.0381772
      vertex 66.2 1.23886 0.725784
      vertex 66.2 0.588179 0.0668982
    endloop
  endfacet
  facet normal -1 0 0
    outer loop
      vertex 66.2 1.01876 4.41704
      vertex 66.2 0.911428 4.50942
      vertex 66.2 0.966117 4.46969
    endloop
  endfacet
  facet normal -1 0 0
    outer loop
      vertex 66.2 1.23886 0.725784
      vertex 66.2 0.464709 0.0381772
      vertex 66.2 0.326666 0.0236035
    endloop
  endfacet
  facet normal -1 0 0
    outer loop
      vertex 66.2 0.911428 4.50942
      vertex 66.2 0.616099 4.66242
      vertex 66.2 0.728075 4.6296
    endloop
  endfacet
  facet normal -1 0 0
    outer loop
      vertex 66.2 0.326666 0.0236035
      vertex 66.2 0.464709 0.0381772
      vertex 66.2 0.417233 0.0310866
    endloop
  endfacet
  facet normal -1 -0 -0
    outer loop
      vertex 66.2 1.01876 4.41704
      vertex 66.2 1.23886 4.01172
      vertex 66.2 0.911428 4.50942
    endloop
  endfacet
  facet normal -1 0 0
    outer loop
      vertex 66.2 0.367759 0.0257182
      vertex 66.2 0.417233 0.0310866
      vertex 66.2 0.388401 0.0267805
    endloop
  endfacet
  facet normal -1 0 0
    outer loop
      vertex 66.2 0.911428 4.50942
      vertex 66.2 0.588179 4.6706
      vertex 66.2 0.616099 4.66242
    endloop
  endfacet
  facet normal -1 0 0
    outer loop
      vertex 66.2 0.326666 0.0236035
      vertex 66.2 0.417233 0.0310866
      vertex 66.2 0.367759 0.0257182
    endloop
  endfacet
  facet normal -1 0 0
    outer loop
      vertex 66.2 1.23886 4.01172
      vertex 66.2 0.464709 4.69932
      vertex 66.2 0.588179 4.6706
    endloop
  endfacet
  facet normal -1 -0 0
    outer loop
      vertex 66.2 1.27438 0.83513
      vertex 66.2 0.326666 0.0236035
      vertex 66.2 -1.27438 0.83513
    endloop
  endfacet
  facet normal -1 0 0
    outer loop
      vertex 66.2 0.464709 4.69932
      vertex 66.2 0.326666 4.7139
      vertex 66.2 0.417233 4.70641
    endloop
  endfacet
  facet normal -1 0 0
    outer loop
      vertex 66.2 -1.27438 0.83513
      vertex 66.2 0.326666 0.0236035
      vertex 66.2 -0.326666 0.0236035
    endloop
  endfacet
  facet normal -1 0 0
    outer loop
      vertex 66.2 0.417233 4.70641
      vertex 66.2 0.367759 4.71178
      vertex 66.2 0.388401 4.71072
    endloop
  endfacet
  facet normal -1 0 0
    outer loop
      vertex 66.2 -0.417233 0.0310866
      vertex 66.2 -0.326666 0.0236035
      vertex 66.2 -0.367759 0.0257182
    endloop
  endfacet
  facet normal -1 0 0
    outer loop
      vertex 66.2 0.417233 4.70641
      vertex 66.2 0.326666 4.7139
      vertex 66.2 0.367759 4.71178
    endloop
  endfacet
  facet normal -1 0 0
    outer loop
      vertex 66.2 -0.417233 0.0310866
      vertex 66.2 -0.367759 0.0257182
      vertex 66.2 -0.388401 0.0267805
    endloop
  endfacet
  facet normal -1 -0 0
    outer loop
      vertex 66.2 0.326666 4.7139
      vertex 66.2 -1.27438 3.90237
      vertex 66.2 -0.326666 4.7139
    endloop
  endfacet
  facet normal -1 0 0
    outer loop
      vertex 66.2 -0.326666 0.0236035
      vertex 66.2 -0.417233 0.0310866
      vertex 66.2 -1.23886 0.725784
    endloop
  endfacet
  facet normal -1 0 -0
    outer loop
      vertex 66.2 -1.23886 4.01172
      vertex 66.2 -0.326666 4.7139
      vertex 66.2 -1.27438 3.90237
    endloop
  endfacet
  facet normal -1 0 0
    outer loop
      vertex 66.2 -1.23886 0.725784
      vertex 66.2 -0.417233 0.0310866
      vertex 66.2 -0.464709 0.0381772
    endloop
  endfacet
  facet normal -1 0 -0
    outer loop
      vertex 66.2 -0.417233 4.70641
      vertex 66.2 -0.326666 4.7139
      vertex 66.2 -1.23886 4.01172
    endloop
  endfacet
  facet normal -1 0 0
    outer loop
      vertex 66.2 -1.23886 0.725784
      vertex 66.2 -0.464709 0.0381772
      vertex 66.2 -0.588179 0.0668982
    endloop
  endfacet
  facet normal -1 0 0
    outer loop
      vertex 66.2 -0.326666 4.7139
      vertex 66.2 -0.417233 4.70641
      vertex 66.2 -0.367759 4.71178
    endloop
  endfacet
  facet normal -1 0 0
    outer loop
      vertex 66.2 -1.23886 0.725784
      vertex 66.2 -0.588179 0.0668982
      vertex 66.2 -0.616099 0.0750818
    endloop
  endfacet
  facet normal -1 0 0
    outer loop
      vertex 66.2 -0.367759 4.71178
      vertex 66.2 -0.417233 4.70641
      vertex 66.2 -0.388401 4.71072
    endloop
  endfacet
  facet normal -1 0 0
    outer loop
      vertex 66.2 -0.911428 0.228077
      vertex 66.2 -0.616099 0.0750818
      vertex 66.2 -0.728075 0.107903
    endloop
  endfacet
  facet normal -1 0 0
    outer loop
      vertex 66.2 -0.417233 4.70641
      vertex 66.2 -1.23886 4.01172
      vertex 66.2 -0.464709 4.69932
    endloop
  endfacet
  facet normal -1 0 0
    outer loop
      vertex 66.2 -0.616099 0.0750818
      vertex 66.2 -0.911428 0.228077
      vertex 66.2 -1.23886 0.725784
    endloop
  endfacet
  facet normal -1 0 0
    outer loop
      vertex 66.2 -0.464709 4.69932
      vertex 66.2 -1.23886 4.01172
      vertex 66.2 -0.588179 4.6706
    endloop
  endfacet
  facet normal -1 0 0
    outer loop
      vertex 66.2 -1.01876 0.320456
      vertex 66.2 -0.911428 0.228077
      vertex 66.2 -0.966117 0.267811
    endloop
  endfacet
  facet normal -1 0 0
    outer loop
      vertex 66.2 -0.588179 4.6706
      vertex 66.2 -1.23886 4.01172
      vertex 66.2 -0.616099 4.66242
    endloop
  endfacet
  facet normal -1 0 0
    outer loop
      vertex 66.2 -1.01876 0.320456
      vertex 66.2 -0.966117 0.267811
      vertex 66.2 -0.996608 0.289965
    endloop
  endfacet
  facet normal -1 0 -0
    outer loop
      vertex 66.2 -0.911428 4.50942
      vertex 66.2 -0.616099 4.66242
      vertex 66.2 -1.23886 4.01172
    endloop
  endfacet
  facet normal -1 0 0
    outer loop
      vertex 66.2 -0.911428 0.228077
      vertex 66.2 -1.01876 0.320456
      vertex 66.2 -1.23886 0.725784
    endloop
  endfacet
  facet normal -1 0 0
    outer loop
      vertex 66.2 -0.616099 4.66242
      vertex 66.2 -0.911428 4.50942
      vertex 66.2 -0.728075 4.6296
    endloop
  endfacet
  facet normal -1 0 0
    outer loop
      vertex 66.2 -1.23886 0.725784
      vertex 66.2 -1.01876 0.320456
      vertex 66.2 -1.17867 0.540549
    endloop
  endfacet
  facet normal -1 0 0
    outer loop
      vertex 66.2 -0.326666 0.0236035
      vertex 66.2 -1.23886 0.725784
      vertex 66.2 -1.27438 0.83513
    endloop
  endfacet
  facet normal -1 0 -0
    outer loop
      vertex 66.2 -1.01876 4.41704
      vertex 66.2 -0.911428 4.50942
      vertex 66.2 -1.23886 4.01172
    endloop
  endfacet
  facet normal -1 0 0
    outer loop
      vertex 66.2 -1.01876 4.41704
      vertex 66.2 -1.23886 4.01172
      vertex 66.2 -1.17867 4.19695
    endloop
  endfacet
  facet normal -1 0 0
    outer loop
      vertex 66.2 -0.966117 4.46969
      vertex 66.2 -1.01876 4.41704
      vertex 66.2 -0.996608 4.44753
    endloop
  endfacet
  facet normal -1 0 0
    outer loop
      vertex 66.2 -0.911428 4.50942
      vertex 66.2 -1.01876 4.41704
      vertex 66.2 -0.966117 4.46969
    endloop
  endfacet
  facet normal -1 0 0
    outer loop
      vertex 66.2 -1.31667 4.7375
      vertex 66.2 1.31667 5.7375
      vertex 66.2 1.31667 4.7375
    endloop
  endfacet
  facet normal -1 -0 0
    outer loop
      vertex 66.2 1.31667 5.7375
      vertex 66.2 -1.31667 4.7375
      vertex 66.2 -1.31667 5.7375
    endloop
  endfacet
  facet normal 0 0 -1
    outer loop
      vertex 65.5 -1.31667 5.7375
      vertex 66.2 1.31667 5.7375
      vertex 66.2 -1.31667 5.7375
    endloop
  endfacet
  facet normal -0 0 -1
    outer loop
      vertex 66.2 1.31667 5.7375
      vertex 65.5 -1.31667 5.7375
      vertex 65.5 1.31667 5.7375
    endloop
  endfacet
  facet normal 1 0 0
    outer loop
      vertex 65.5 1.31667 5.7375
      vertex 65.5 0.481337 4.7375
      vertex 65.5 1.31667 4.7375
    endloop
  endfacet
  facet normal 1 0 0
    outer loop
      vertex 65.5 0.780497 0.107903
      vertex 65.5 0.455385 0.0121889
      vertex 65.5 0.477754 0.0121889
    endloop
  endfacet
  facet normal 1 0 -0
    outer loop
      vertex 65.5 0.377467 0.0121889
      vertex 65.5 1.30886 3.91387
      vertex 65.5 -1.30886 0.83513
    endloop
  endfacet
  facet normal 1 0 0
    outer loop
      vertex 65.5 1.30886 3.91387
      vertex 65.5 0.420829 0.0121889
      vertex 65.5 0.455385 0.0121889
    endloop
  endfacet
  facet normal 1 0 0
    outer loop
      vertex 65.5 1.30886 3.91387
      vertex 65.5 0.377467 0.0121889
      vertex 65.5 0.420829 0.0121889
    endloop
  endfacet
  facet normal 1 0 0
    outer loop
      vertex 65.5 0.377467 0.0121889
      vertex 65.5 -1.30886 0.83513
      vertex 65.5 0.329545 0.0121889
    endloop
  endfacet
  facet normal 1 0 0
    outer loop
      vertex 65.5 0.329545 0.0121889
      vertex 65.5 -1.30886 0.83513
      vertex 65.5 -0.329545 0.0121889
    endloop
  endfacet
  facet normal 1 0 0
    outer loop
      vertex 65.5 -0.329545 0.0121889
      vertex 65.5 -1.30886 0.83513
      vertex 65.5 -0.377467 0.0121889
    endloop
  endfacet
  facet normal 1 -0 -0
    outer loop
      vertex 65.5 -1.03108 0.289965
      vertex 65.5 -0.377467 0.0121889
      vertex 65.5 -1.30886 0.83513
    endloop
  endfacet
  facet normal 1 -0 -0
    outer loop
      vertex 65.5 -0.780497 0.107903
      vertex 65.5 -0.377467 0.0121889
      vertex 65.5 -1.03108 0.289965
    endloop
  endfacet
  facet normal 1 0 0
    outer loop
      vertex 65.5 -1.30886 3.91387
      vertex 65.5 0.481337 4.7375
      vertex 65.5 -0.481337 4.7375
    endloop
  endfacet
  facet normal 1 0 0
    outer loop
      vertex 65.5 1.31667 5.7375
      vertex 65.5 -0.481337 4.7375
      vertex 65.5 0.481337 4.7375
    endloop
  endfacet
  facet normal 1 -0 0
    outer loop
      vertex 65.5 -1.31667 5.7375
      vertex 65.5 -0.481337 4.7375
      vertex 65.5 1.31667 5.7375
    endloop
  endfacet
  facet normal 1 0 0
    outer loop
      vertex 65.5 -0.481337 4.7375
      vertex 65.5 -1.31667 5.7375
      vertex 65.5 -1.31667 4.7375
    endloop
  endfacet
  facet normal 1 0 0
    outer loop
      vertex 65.5 0.481337 4.7375
      vertex 65.5 1.30886 3.91387
      vertex 65.5 1.21314 4.20845
    endloop
  endfacet
  facet normal 1 0 0
    outer loop
      vertex 65.5 -1.30886 3.91387
      vertex 65.5 1.30886 3.91387
      vertex 65.5 0.481337 4.7375
    endloop
  endfacet
  facet normal 1 0 0
    outer loop
      vertex 65.5 0.481337 4.7375
      vertex 65.5 1.21314 4.20845
      vertex 65.5 1.03108 4.45903
    endloop
  endfacet
  facet normal 1 0 0
    outer loop
      vertex 65.5 1.30886 3.91387
      vertex 65.5 0.455385 0.0121889
      vertex 65.5 1.30886 0.83513
    endloop
  endfacet
  facet normal 1 0 0
    outer loop
      vertex 65.5 0.481337 4.7375
      vertex 65.5 1.03108 4.45903
      vertex 65.5 0.780497 4.6411
    endloop
  endfacet
  facet normal 1 0 0
    outer loop
      vertex 65.5 0.455385 0.0121889
      vertex 65.5 1.21314 0.540549
      vertex 65.5 1.30886 0.83513
    endloop
  endfacet
  facet normal 1 0 0
    outer loop
      vertex 65.5 0.481337 4.7375
      vertex 65.5 0.780497 4.6411
      vertex 65.5 0.485917 4.73681
    endloop
  endfacet
  facet normal 1 0 0
    outer loop
      vertex 65.5 0.455385 0.0121889
      vertex 65.5 1.03108 0.289965
      vertex 65.5 1.21314 0.540549
    endloop
  endfacet
  facet normal 1 0 0
    outer loop
      vertex 65.5 0.780497 0.107903
      vertex 65.5 0.485745 0.0121889
      vertex 65.5 0.485917 0.0121889
    endloop
  endfacet
  facet normal 1 0 0
    outer loop
      vertex 65.5 0.455385 0.0121889
      vertex 65.5 0.780497 0.107903
      vertex 65.5 1.03108 0.289965
    endloop
  endfacet
  facet normal 1 0 0
    outer loop
      vertex 65.5 0.780497 0.107903
      vertex 65.5 0.477754 0.0121889
      vertex 65.5 0.485745 0.0121889
    endloop
  endfacet
  facet normal 1 0 0
    outer loop
      vertex 65.5 1.30886 3.91387
      vertex 65.5 -1.30886 3.91387
      vertex 65.5 -1.30886 0.83513
    endloop
  endfacet
  facet normal 1 0 0
    outer loop
      vertex 65.5 -1.30886 3.91387
      vertex 65.5 -0.481337 4.7375
      vertex 65.5 -0.485917 4.73681
    endloop
  endfacet
  facet normal 1 0 0
    outer loop
      vertex 65.5 -0.420829 0.0121889
      vertex 65.5 -0.780497 0.107903
      vertex 65.5 -0.455385 0.0121889
    endloop
  endfacet
  facet normal 1 0 0
    outer loop
      vertex 65.5 -1.30886 3.91387
      vertex 65.5 -0.485917 4.73681
      vertex 65.5 -0.780497 4.6411
    endloop
  endfacet
  facet normal 1 0 0
    outer loop
      vertex 65.5 -0.455385 0.0121889
      vertex 65.5 -0.780497 0.107903
      vertex 65.5 -0.477754 0.0121889
    endloop
  endfacet
  facet normal 1 0 0
    outer loop
      vertex 65.5 -1.30886 3.91387
      vertex 65.5 -0.780497 4.6411
      vertex 65.5 -1.03108 4.45903
    endloop
  endfacet
  facet normal 1 0 0
    outer loop
      vertex 65.5 -0.477754 0.0121889
      vertex 65.5 -0.780497 0.107903
      vertex 65.5 -0.485745 0.0121889
    endloop
  endfacet
  facet normal 1 0 0
    outer loop
      vertex 65.5 -1.30886 3.91387
      vertex 65.5 -1.03108 4.45903
      vertex 65.5 -1.21314 4.20845
    endloop
  endfacet
  facet normal 1 0 0
    outer loop
      vertex 65.5 -0.485745 0.0121889
      vertex 65.5 -0.780497 0.107903
      vertex 65.5 -0.485917 0.0121889
    endloop
  endfacet
  facet normal 1 0 0
    outer loop
      vertex 65.5 -0.377467 0.0121889
      vertex 65.5 -0.780497 0.107903
      vertex 65.5 -0.420829 0.0121889
    endloop
  endfacet
  facet normal 1 0 0
    outer loop
      vertex 65.5 -1.03108 0.289965
      vertex 65.5 -1.30886 0.83513
      vertex 65.5 -1.21314 0.540549
    endloop
  endfacet
  facet normal 1 -0 0
    outer loop
      vertex 65.5 -2.27105 4.499
      vertex 65.5 -1.32088 4.49855
      vertex 65.5 -1.32105 4.499
    endloop
  endfacet
  facet normal 1 0 0
    outer loop
      vertex 65.5 -1.32088 4.49855
      vertex 65.5 -2.27105 3.399
      vertex 65.5 -1.32088 3.39855
    endloop
  endfacet
  facet normal 1 0 0
    outer loop
      vertex 65.5 -1.32088 4.49855
      vertex 65.5 -2.27105 4.499
      vertex 65.5 -2.27105 3.399
    endloop
  endfacet
  facet normal 1 0 0
    outer loop
      vertex 65.5 -1.32088 3.39855
      vertex 65.5 -2.27105 3.399
      vertex 65.5 -2.27088 3.39855
    endloop
  endfacet
  facet normal 1 -0 0
    outer loop
      vertex 65.5 1.32088 4.49855
      vertex 65.5 2.27105 3.399
      vertex 65.5 2.27105 4.499
    endloop
  endfacet
  facet normal 1 0 0
    outer loop
      vertex 65.5 1.32088 4.49855
      vertex 65.5 2.27105 4.499
      vertex 65.5 1.32105 4.499
    endloop
  endfacet
  facet normal 1 0 0
    outer loop
      vertex 65.5 1.32088 3.39855
      vertex 65.5 2.27105 3.399
      vertex 65.5 1.32088 4.49855
    endloop
  endfacet
  facet normal 1 0 0
    outer loop
      vertex 65.5 2.27105 3.399
      vertex 65.5 1.32088 3.39855
      vertex 65.5 2.27088 3.39855
    endloop
  endfacet
  facet normal -1 0 0
    outer loop
      vertex 64.6 0.337275 0.0121889
      vertex 64.6 1.31659 0.83513
      vertex 64.6 1.22087 0.540549
    endloop
  endfacet
  facet normal -1 0 0
    outer loop
      vertex 64.6 1.31659 0.83513
      vertex 64.6 -1.31659 0.83513
      vertex 64.6 1.31659 3.93416
    endloop
  endfacet
  facet normal -1 0 0
    outer loop
      vertex 64.6 0.337275 0.0121889
      vertex 64.6 1.22087 0.540549
      vertex 64.6 1.03881 0.289965
    endloop
  endfacet
  facet normal -1 0 0
    outer loop
      vertex 64.6 -1.31659 3.93416
      vertex 64.6 1.31659 3.93416
      vertex 64.6 -1.31659 0.83513
    endloop
  endfacet
  facet normal -1 0 0
    outer loop
      vertex 64.6 0.385198 0.0121889
      vertex 64.6 1.03881 0.289965
      vertex 64.6 0.788228 0.107904
    endloop
  endfacet
  facet normal -1 0 -0
    outer loop
      vertex 64.6 0.553982 4.7375
      vertex 64.6 1.31659 3.93416
      vertex 64.6 -1.31659 3.93416
    endloop
  endfacet
  facet normal -1 0 0
    outer loop
      vertex 64.6 1.22087 4.22874
      vertex 64.6 0.553982 4.7375
      vertex 64.6 1.03881 4.47933
    endloop
  endfacet
  facet normal -1 0 0
    outer loop
      vertex 64.6 0.493476 0.0121889
      vertex 64.6 0.788228 0.107904
      vertex 64.6 0.493647 0.0121889
    endloop
  endfacet
  facet normal -1 0 0
    outer loop
      vertex 64.6 0.553982 4.7375
      vertex 64.6 1.31667 5.7375
      vertex 64.6 1.31667 4.7375
    endloop
  endfacet
  facet normal -1 0 0
    outer loop
      vertex 64.6 0.485485 0.0121889
      vertex 64.6 0.788228 0.107904
      vertex 64.6 0.493476 0.0121889
    endloop
  endfacet
  facet normal -1 0 0
    outer loop
      vertex 64.6 0.463116 0.0121889
      vertex 64.6 0.788228 0.107904
      vertex 64.6 0.485485 0.0121889
    endloop
  endfacet
  facet normal -1 0 0
    outer loop
      vertex 64.6 0.42856 0.0121889
      vertex 64.6 0.788228 0.107904
      vertex 64.6 0.463116 0.0121889
    endloop
  endfacet
  facet normal -1 0 0
    outer loop
      vertex 64.6 0.385198 0.0121889
      vertex 64.6 0.788228 0.107904
      vertex 64.6 0.42856 0.0121889
    endloop
  endfacet
  facet normal -1 0 0
    outer loop
      vertex 64.6 1.03881 0.289965
      vertex 64.6 0.385198 0.0121889
      vertex 64.6 0.337275 0.0121889
    endloop
  endfacet
  facet normal -1 -0 0
    outer loop
      vertex 64.6 1.31659 0.83513
      vertex 64.6 0.337275 0.0121889
      vertex 64.6 -1.31659 0.83513
    endloop
  endfacet
  facet normal -1 0 0
    outer loop
      vertex 64.6 -1.31659 0.83513
      vertex 64.6 0.337275 0.0121889
      vertex 64.6 -0.337275 0.0121889
    endloop
  endfacet
  facet normal -1 0 0
    outer loop
      vertex 64.6 -1.31659 0.83513
      vertex 64.6 -0.337275 0.0121889
      vertex 64.6 -0.385198 0.0121889
    endloop
  endfacet
  facet normal -1 0 0
    outer loop
      vertex 64.6 -0.788228 0.107904
      vertex 64.6 -0.385198 0.0121889
      vertex 64.6 -0.42856 0.0121889
    endloop
  endfacet
  facet normal -1 0 0
    outer loop
      vertex 64.6 -0.788228 0.107904
      vertex 64.6 -0.42856 0.0121889
      vertex 64.6 -0.463116 0.0121889
    endloop
  endfacet
  facet normal -1 0 0
    outer loop
      vertex 64.6 -0.788228 0.107904
      vertex 64.6 -0.463116 0.0121889
      vertex 64.6 -0.485485 0.0121889
    endloop
  endfacet
  facet normal -1 0 0
    outer loop
      vertex 64.6 -0.788228 0.107904
      vertex 64.6 -0.485485 0.0121889
      vertex 64.6 -0.493476 0.0121889
    endloop
  endfacet
  facet normal -1 0 0
    outer loop
      vertex 64.6 -0.788228 0.107904
      vertex 64.6 -0.493476 0.0121889
      vertex 64.6 -0.493647 0.0121889
    endloop
  endfacet
  facet normal -1 0 0
    outer loop
      vertex 64.6 1.31659 3.93416
      vertex 64.6 0.553982 4.7375
      vertex 64.6 1.22087 4.22874
    endloop
  endfacet
  facet normal -1 0 0
    outer loop
      vertex 64.6 -0.553982 4.7375
      vertex 64.6 1.31667 5.7375
      vertex 64.6 0.553982 4.7375
    endloop
  endfacet
  facet normal -1 0 0
    outer loop
      vertex 64.6 -1.31667 5.7375
      vertex 64.6 -0.553982 4.7375
      vertex 64.6 -1.31667 4.7375
    endloop
  endfacet
  facet normal -1 0 0
    outer loop
      vertex 64.6 -0.553982 4.7375
      vertex 64.6 -1.31667 5.7375
      vertex 64.6 1.31667 5.7375
    endloop
  endfacet
  facet normal -1 0 0
    outer loop
      vertex 64.6 -0.385198 0.0121889
      vertex 64.6 -0.788228 0.107904
      vertex 64.6 -1.03881 0.289965
    endloop
  endfacet
  facet normal -1 0 0
    outer loop
      vertex 64.6 1.03881 4.47933
      vertex 64.6 0.553982 4.7375
      vertex 64.6 0.788228 4.66139
    endloop
  endfacet
  facet normal -1 0 0
    outer loop
      vertex 64.6 -0.385198 0.0121889
      vertex 64.6 -1.03881 0.289965
      vertex 64.6 -1.31659 0.83513
    endloop
  endfacet
  facet normal -1 -0 0
    outer loop
      vertex 64.6 0.553982 4.7375
      vertex 64.6 -1.31659 3.93416
      vertex 64.6 -0.553982 4.7375
    endloop
  endfacet
  facet normal -1 0 0
    outer loop
      vertex 64.6 -1.31659 0.83513
      vertex 64.6 -1.03881 0.289965
      vertex 64.6 -1.22087 0.540549
    endloop
  endfacet
  facet normal -1 0 -0
    outer loop
      vertex 64.6 -1.03881 4.47933
      vertex 64.6 -0.553982 4.7375
      vertex 64.6 -1.31659 3.93416
    endloop
  endfacet
  facet normal -1 0 0
    outer loop
      vertex 64.6 -0.553982 4.7375
      vertex 64.6 -1.03881 4.47933
      vertex 64.6 -0.788228 4.66139
    endloop
  endfacet
  facet normal -1 0 0
    outer loop
      vertex 64.6 -1.03881 4.47933
      vertex 64.6 -1.31659 3.93416
      vertex 64.6 -1.22087 4.22874
    endloop
  endfacet
  facet normal -1 0 0
    outer loop
      vertex 64.6 -2.27878 3.41929
      vertex 64.6 -1.32861 4.51884
      vertex 64.6 -1.32861 3.41884
    endloop
  endfacet
  facet normal -1 0 0
    outer loop
      vertex 64.6 -2.27878 3.41929
      vertex 64.6 -1.32861 3.41884
      vertex 64.6 -2.27861 3.41884
    endloop
  endfacet
  facet normal -1 0 0
    outer loop
      vertex 64.6 -2.27878 4.51929
      vertex 64.6 -1.32861 4.51884
      vertex 64.6 -2.27878 3.41929
    endloop
  endfacet
  facet normal -1 0 0
    outer loop
      vertex 64.6 -1.32861 4.51884
      vertex 64.6 -2.27878 4.51929
      vertex 64.6 -1.32878 4.51929
    endloop
  endfacet
  facet normal -1 0 0
    outer loop
      vertex 64.6 1.32861 3.41884
      vertex 64.6 2.27878 3.41929
      vertex 64.6 2.27861 3.41884
    endloop
  endfacet
  facet normal -1 0 0
    outer loop
      vertex 64.6 2.27878 3.41929
      vertex 64.6 1.32861 4.51884
      vertex 64.6 2.27878 4.51929
    endloop
  endfacet
  facet normal -1 -0 0
    outer loop
      vertex 64.6 2.27878 3.41929
      vertex 64.6 1.32861 3.41884
      vertex 64.6 1.32861 4.51884
    endloop
  endfacet
  facet normal -1 -0 0
    outer loop
      vertex 64.6 2.27878 4.51929
      vertex 64.6 1.32861 4.51884
      vertex 64.6 1.32878 4.51929
    endloop
  endfacet
  facet normal 0 0 -1
    outer loop
      vertex 63.9 -1.31667 5.7375
      vertex 64.6 1.31667 5.7375
      vertex 64.6 -1.31667 5.7375
    endloop
  endfacet
  facet normal -0 0 -1
    outer loop
      vertex 64.6 1.31667 5.7375
      vertex 63.9 -1.31667 5.7375
      vertex 63.9 1.31667 5.7375
    endloop
  endfacet
  facet normal 1 0 0
    outer loop
      vertex 63.9 1.31667 5.7375
      vertex 63.9 0.608572 4.7375
      vertex 63.9 1.31667 4.7375
    endloop
  endfacet
  facet normal 1 0 0
    outer loop
      vertex 63.9 0.794241 0.107904
      vertex 63.9 0.499488 0.0121889
      vertex 63.9 0.49966 0.0121889
    endloop
  endfacet
  facet normal 1 0 0
    outer loop
      vertex 63.9 1.3226 3.94995
      vertex 63.9 0.491498 0.0121889
      vertex 63.9 0.499488 0.0121889
    endloop
  endfacet
  facet normal 1 0 0
    outer loop
      vertex 63.9 1.3226 3.94995
      vertex 63.9 0.469128 0.0121889
      vertex 63.9 0.491498 0.0121889
    endloop
  endfacet
  facet normal 1 0 0
    outer loop
      vertex 63.9 1.3226 3.94995
      vertex 63.9 0.434572 0.0121889
      vertex 63.9 0.469128 0.0121889
    endloop
  endfacet
  facet normal 1 0 -0
    outer loop
      vertex 63.9 0.343288 0.0121889
      vertex 63.9 1.3226 3.94995
      vertex 63.9 -1.3226 0.83513
    endloop
  endfacet
  facet normal 1 0 0
    outer loop
      vertex 63.9 1.3226 3.94995
      vertex 63.9 0.391211 0.0121889
      vertex 63.9 0.434572 0.0121889
    endloop
  endfacet
  facet normal 1 0 0
    outer loop
      vertex 63.9 1.3226 3.94995
      vertex 63.9 0.343288 0.0121889
      vertex 63.9 0.391211 0.0121889
    endloop
  endfacet
  facet normal 1 0 0
    outer loop
      vertex 63.9 0.343288 0.0121889
      vertex 63.9 -1.3226 0.83513
      vertex 63.9 -0.343288 0.0121889
    endloop
  endfacet
  facet normal 1 0 0
    outer loop
      vertex 63.9 -0.343288 0.0121889
      vertex 63.9 -1.3226 0.83513
      vertex 63.9 -0.391211 0.0121889
    endloop
  endfacet
  facet normal 1 -0 -0
    outer loop
      vertex 63.9 -1.04483 0.289965
      vertex 63.9 -0.391211 0.0121889
      vertex 63.9 -1.3226 0.83513
    endloop
  endfacet
  facet normal 1 -0 -0
    outer loop
      vertex 63.9 -0.794241 0.107904
      vertex 63.9 -0.391211 0.0121889
      vertex 63.9 -1.04483 0.289965
    endloop
  endfacet
  facet normal 1 0 0
    outer loop
      vertex 63.9 -0.434572 0.0121889
      vertex 63.9 -0.794241 0.107904
      vertex 63.9 -0.469128 0.0121889
    endloop
  endfacet
  facet normal 1 0 0
    outer loop
      vertex 63.9 -0.469128 0.0121889
      vertex 63.9 -0.794241 0.107904
      vertex 63.9 -0.491498 0.0121889
    endloop
  endfacet
  facet normal 1 0 0
    outer loop
      vertex 63.9 -1.3226 3.94995
      vertex 63.9 0.608572 4.7375
      vertex 63.9 -0.608572 4.7375
    endloop
  endfacet
  facet normal 1 0 0
    outer loop
      vertex 63.9 1.31667 5.7375
      vertex 63.9 -0.608572 4.7375
      vertex 63.9 0.608572 4.7375
    endloop
  endfacet
  facet normal 1 -0 0
    outer loop
      vertex 63.9 -1.31667 5.7375
      vertex 63.9 -0.608572 4.7375
      vertex 63.9 1.31667 5.7375
    endloop
  endfacet
  facet normal 1 0 0
    outer loop
      vertex 63.9 -0.608572 4.7375
      vertex 63.9 -1.31667 5.7375
      vertex 63.9 -1.31667 4.7375
    endloop
  endfacet
  facet normal 1 0 0
    outer loop
      vertex 63.9 0.608572 4.7375
      vertex 63.9 1.3226 3.94995
      vertex 63.9 1.22689 4.24453
    endloop
  endfacet
  facet normal 1 0 0
    outer loop
      vertex 63.9 -1.3226 3.94995
      vertex 63.9 1.3226 3.94995
      vertex 63.9 0.608572 4.7375
    endloop
  endfacet
  facet normal 1 0 0
    outer loop
      vertex 63.9 0.608572 4.7375
      vertex 63.9 1.22689 4.24453
      vertex 63.9 1.04483 4.49511
    endloop
  endfacet
  facet normal 1 0 0
    outer loop
      vertex 63.9 0.499488 0.0121889
      vertex 63.9 1.3226 0.83513
      vertex 63.9 1.3226 3.94995
    endloop
  endfacet
  facet normal 1 0 0
    outer loop
      vertex 63.9 0.608572 4.7375
      vertex 63.9 1.04483 4.49511
      vertex 63.9 0.794241 4.67717
    endloop
  endfacet
  facet normal 1 0 0
    outer loop
      vertex 63.9 0.499488 0.0121889
      vertex 63.9 1.22689 0.540549
      vertex 63.9 1.3226 0.83513
    endloop
  endfacet
  facet normal 1 0 0
    outer loop
      vertex 63.9 0.499488 0.0121889
      vertex 63.9 1.04483 0.289965
      vertex 63.9 1.22689 0.540549
    endloop
  endfacet
  facet normal 1 0 0
    outer loop
      vertex 63.9 0.499488 0.0121889
      vertex 63.9 0.794241 0.107904
      vertex 63.9 1.04483 0.289965
    endloop
  endfacet
  facet normal 1 0 0
    outer loop
      vertex 63.9 -1.04483 4.49511
      vertex 63.9 -0.608572 4.7375
      vertex 63.9 -0.794241 4.67717
    endloop
  endfacet
  facet normal 1 0 0
    outer loop
      vertex 63.9 1.3226 3.94995
      vertex 63.9 -1.3226 3.94995
      vertex 63.9 -1.3226 0.83513
    endloop
  endfacet
  facet normal 1 0 0
    outer loop
      vertex 63.9 -1.22689 4.24453
      vertex 63.9 -0.608572 4.7375
      vertex 63.9 -1.04483 4.49511
    endloop
  endfacet
  facet normal 1 0 0
    outer loop
      vertex 63.9 -0.491498 0.0121889
      vertex 63.9 -0.794241 0.107904
      vertex 63.9 -0.499488 0.0121889
    endloop
  endfacet
  facet normal 1 0 0
    outer loop
      vertex 63.9 -0.608572 4.7375
      vertex 63.9 -1.22689 4.24453
      vertex 63.9 -1.3226 3.94995
    endloop
  endfacet
  facet normal 1 0 0
    outer loop
      vertex 63.9 -0.499488 0.0121889
      vertex 63.9 -0.794241 0.107904
      vertex 63.9 -0.49966 0.0121889
    endloop
  endfacet
  facet normal 1 0 0
    outer loop
      vertex 63.9 -0.391211 0.0121889
      vertex 63.9 -0.794241 0.107904
      vertex 63.9 -0.434572 0.0121889
    endloop
  endfacet
  facet normal 1 0 0
    outer loop
      vertex 63.9 -1.04483 0.289965
      vertex 63.9 -1.3226 0.83513
      vertex 63.9 -1.22689 0.540549
    endloop
  endfacet
  facet normal 1 -0 0
    outer loop
      vertex 63.9 -2.28479 4.53508
      vertex 63.9 -1.33462 4.53462
      vertex 63.9 -1.33479 4.53508
    endloop
  endfacet
  facet normal 1 0 0
    outer loop
      vertex 63.9 -1.33462 4.53462
      vertex 63.9 -2.28479 3.43508
      vertex 63.9 -1.33462 3.43463
    endloop
  endfacet
  facet normal 1 0 0
    outer loop
      vertex 63.9 -1.33462 4.53462
      vertex 63.9 -2.28479 4.53508
      vertex 63.9 -2.28479 3.43508
    endloop
  endfacet
  facet normal 1 0 0
    outer loop
      vertex 63.9 -1.33462 3.43463
      vertex 63.9 -2.28479 3.43508
      vertex 63.9 -2.28462 3.43463
    endloop
  endfacet
  facet normal 1 -0 0
    outer loop
      vertex 63.9 1.33462 4.53462
      vertex 63.9 2.28479 3.43508
      vertex 63.9 2.28479 4.53508
    endloop
  endfacet
  facet normal 1 0 0
    outer loop
      vertex 63.9 1.33462 4.53462
      vertex 63.9 2.28479 4.53508
      vertex 63.9 1.33479 4.53508
    endloop
  endfacet
  facet normal 1 0 0
    outer loop
      vertex 63.9 1.33462 3.43463
      vertex 63.9 2.28479 3.43508
      vertex 63.9 1.33462 4.53462
    endloop
  endfacet
  facet normal 1 0 0
    outer loop
      vertex 63.9 2.28479 3.43508
      vertex 63.9 1.33462 3.43463
      vertex 63.9 2.28462 3.43463
    endloop
  endfacet
  facet normal 1 0 0
    outer loop
      vertex 62.3 0.116666 3.9375
      vertex 62.3 1.33634 3.98602
      vertex 62.3 1.24063 4.2806
    endloop
  endfacet
  facet normal 1 0 0
    outer loop
      vertex 62.3 1.33634 3.98602
      vertex 62.3 0.116666 1.2
      vertex 62.3 1.33634 0.83513
    endloop
  endfacet
  facet normal 1 0 0
    outer loop
      vertex 62.3 0.116666 3.9375
      vertex 62.3 1.24063 4.2806
      vertex 62.3 1.05857 4.53119
    endloop
  endfacet
  facet normal 1 0 0
    outer loop
      vertex 62.3 1.33634 0.83513
      vertex 62.3 0.116666 1.2
      vertex 62.3 1.24063 0.540549
    endloop
  endfacet
  facet normal 1 0 0
    outer loop
      vertex 62.3 0.116666 3.9375
      vertex 62.3 1.05857 4.53119
      vertex 62.3 0.807984 4.71325
    endloop
  endfacet
  facet normal 1 0 0
    outer loop
      vertex 62.3 1.33634 3.98602
      vertex 62.3 0.116666 3.9375
      vertex 62.3 0.116666 1.2
    endloop
  endfacet
  facet normal 1 0 0
    outer loop
      vertex 62.3 0.116666 3.9375
      vertex 62.3 0.807984 4.71325
      vertex 62.3 0.513404 4.80896
    endloop
  endfacet
  facet normal 1 0 0
    outer loop
      vertex 62.3 1.24063 0.540549
      vertex 62.3 0.116666 1.2
      vertex 62.3 1.05857 0.289965
    endloop
  endfacet
  facet normal 1 0 -0
    outer loop
      vertex 62.3 0.482872 0.012189
      vertex 62.3 0.807984 0.107904
      vertex 62.3 0.116666 1.2
    endloop
  endfacet
  facet normal 1 0 0
    outer loop
      vertex 62.3 0.484608 4.81102
      vertex 62.3 0.513404 4.80896
      vertex 62.3 0.506235 4.81004
    endloop
  endfacet
  facet normal 1 0 0
    outer loop
      vertex 62.3 0.807984 0.107904
      vertex 62.3 0.513232 0.012189
      vertex 62.3 0.513404 0.012189
    endloop
  endfacet
  facet normal 1 0 0
    outer loop
      vertex 62.3 0.513404 4.80896
      vertex 62.3 0.484608 4.81102
      vertex 62.3 0.116666 3.9375
    endloop
  endfacet
  facet normal 1 0 0
    outer loop
      vertex 62.3 0.807984 0.107904
      vertex 62.3 0.505241 0.012189
      vertex 62.3 0.513232 0.012189
    endloop
  endfacet
  facet normal 1 0 0
    outer loop
      vertex 62.3 0.116666 3.9375
      vertex 62.3 0.484608 4.81102
      vertex 62.3 0.45064 4.81179
    endloop
  endfacet
  facet normal 1 0 0
    outer loop
      vertex 62.3 0.807984 0.107904
      vertex 62.3 0.482872 0.012189
      vertex 62.3 0.505241 0.012189
    endloop
  endfacet
  facet normal 1 0 0
    outer loop
      vertex 62.3 0.116666 3.9375
      vertex 62.3 0.45064 4.81179
      vertex 62.3 0.407656 4.81228
    endloop
  endfacet
  facet normal 1 0 0
    outer loop
      vertex 62.3 0.482872 0.012189
      vertex 62.3 0.116666 1.2
      vertex 62.3 0.448316 0.012189
    endloop
  endfacet
  facet normal 1 0 0
    outer loop
      vertex 62.3 0.116666 3.9375
      vertex 62.3 0.407656 4.81228
      vertex 62.3 0.359864 4.81246
    endloop
  endfacet
  facet normal 1 0 0
    outer loop
      vertex 62.3 0.448316 0.012189
      vertex 62.3 0.116666 1.2
      vertex 62.3 0.404954 0.012189
    endloop
  endfacet
  facet normal 1 0 0
    outer loop
      vertex 62.3 1.05857 0.289965
      vertex 62.3 0.116666 1.2
      vertex 62.3 0.807984 0.107904
    endloop
  endfacet
  facet normal 1 0 0
    outer loop
      vertex 62.3 0.359864 4.81246
      vertex 62.3 -0.116666 3.9375
      vertex 62.3 0.116666 3.9375
    endloop
  endfacet
  facet normal 1 0 0
    outer loop
      vertex 62.3 -1.33634 3.98602
      vertex 62.3 -0.116666 1.2
      vertex 62.3 -0.116666 3.9375
    endloop
  endfacet
  facet normal 1 -0 0
    outer loop
      vertex 62.3 -0.359864 4.81246
      vertex 62.3 -0.116666 3.9375
      vertex 62.3 0.359864 4.81246
    endloop
  endfacet
  facet normal 1 -0 0
    outer loop
      vertex 62.3 -0.407656 4.81228
      vertex 62.3 -0.116666 3.9375
      vertex 62.3 -0.359864 4.81246
    endloop
  endfacet
  facet normal 1 0 -0
    outer loop
      vertex 62.3 -1.24063 0.540549
      vertex 62.3 -0.116666 1.2
      vertex 62.3 -1.33634 0.83513
    endloop
  endfacet
  facet normal 1 -0 0
    outer loop
      vertex 62.3 -0.45064 4.81179
      vertex 62.3 -0.116666 3.9375
      vertex 62.3 -0.407656 4.81228
    endloop
  endfacet
  facet normal 1 0 0
    outer loop
      vertex 62.3 -0.116666 1.2
      vertex 62.3 -0.404954 0.012189
      vertex 62.3 -0.357032 0.012189
    endloop
  endfacet
  facet normal 1 -0 0
    outer loop
      vertex 62.3 -0.484608 4.81102
      vertex 62.3 -0.116666 3.9375
      vertex 62.3 -0.45064 4.81179
    endloop
  endfacet
  facet normal 1 0 -0
    outer loop
      vertex 62.3 -0.807984 0.107904
      vertex 62.3 -0.116666 1.2
      vertex 62.3 -1.05857 0.289965
    endloop
  endfacet
  facet normal 1 -0 0
    outer loop
      vertex 62.3 -0.513404 4.80896
      vertex 62.3 -0.116666 3.9375
      vertex 62.3 -0.484608 4.81102
    endloop
  endfacet
  facet normal 1 0 0
    outer loop
      vertex 62.3 -0.116666 1.2
      vertex 62.3 -1.33634 3.98602
      vertex 62.3 -1.33634 0.83513
    endloop
  endfacet
  facet normal 1 0 0
    outer loop
      vertex 62.3 -0.513404 4.80896
      vertex 62.3 -0.484608 4.81102
      vertex 62.3 -0.506235 4.81004
    endloop
  endfacet
  facet normal 1 0 -0
    outer loop
      vertex 62.3 -0.448316 0.012189
      vertex 62.3 -0.116666 1.2
      vertex 62.3 -0.807984 0.107904
    endloop
  endfacet
  facet normal 1 0 0
    outer loop
      vertex 62.3 -0.116666 3.9375
      vertex 62.3 -0.513404 4.80896
      vertex 62.3 -0.807984 4.71325
    endloop
  endfacet
  facet normal 1 0 0
    outer loop
      vertex 62.3 -0.448316 0.012189
      vertex 62.3 -0.807984 0.107904
      vertex 62.3 -0.482872 0.012189
    endloop
  endfacet
  facet normal 1 0 0
    outer loop
      vertex 62.3 -0.116666 3.9375
      vertex 62.3 -0.807984 4.71325
      vertex 62.3 -1.05857 4.53119
    endloop
  endfacet
  facet normal 1 0 0
    outer loop
      vertex 62.3 -0.482872 0.012189
      vertex 62.3 -0.807984 0.107904
      vertex 62.3 -0.505241 0.012189
    endloop
  endfacet
  facet normal 1 -0 0
    outer loop
      vertex 62.3 -1.24063 4.2806
      vertex 62.3 -0.116666 3.9375
      vertex 62.3 -1.05857 4.53119
    endloop
  endfacet
  facet normal 1 0 0
    outer loop
      vertex 62.3 -0.505241 0.012189
      vertex 62.3 -0.807984 0.107904
      vertex 62.3 -0.513232 0.012189
    endloop
  endfacet
  facet normal 1 0 0
    outer loop
      vertex 62.3 -0.116666 3.9375
      vertex 62.3 -1.24063 4.2806
      vertex 62.3 -1.33634 3.98602
    endloop
  endfacet
  facet normal 1 0 0
    outer loop
      vertex 62.3 -0.513232 0.012189
      vertex 62.3 -0.807984 0.107904
      vertex 62.3 -0.513404 0.012189
    endloop
  endfacet
  facet normal 1 0 0
    outer loop
      vertex 62.3 -0.116666 1.2
      vertex 62.3 -0.448316 0.012189
      vertex 62.3 -0.404954 0.012189
    endloop
  endfacet
  facet normal 1 0 0
    outer loop
      vertex 62.3 -0.116666 1.2
      vertex 62.3 -1.24063 0.540549
      vertex 62.3 -1.05857 0.289965
    endloop
  endfacet
  facet normal 1 0 0
    outer loop
      vertex 62.3 0.404954 0.012189
      vertex 62.3 0.116666 1.2
      vertex 62.3 0.357032 0.012189
    endloop
  endfacet
  facet normal 1 -0 0
    outer loop
      vertex 62.3 -0.116666 1.2
      vertex 62.3 0.357032 0.012189
      vertex 62.3 0.116666 1.2
    endloop
  endfacet
  facet normal 1 0 0
    outer loop
      vertex 62.3 0.357032 0.012189
      vertex 62.3 -0.116666 1.2
      vertex 62.3 -0.357032 0.012189
    endloop
  endfacet
  facet normal 1 -0 0
    outer loop
      vertex 62.3 -2.29853 4.57115
      vertex 62.3 -1.34836 4.5707
      vertex 62.3 -1.34853 4.57115
    endloop
  endfacet
  facet normal 1 0 0
    outer loop
      vertex 62.3 -1.34836 4.5707
      vertex 62.3 -2.29853 3.47115
      vertex 62.3 -1.34836 3.4707
    endloop
  endfacet
  facet normal 1 0 0
    outer loop
      vertex 62.3 -1.34836 4.5707
      vertex 62.3 -2.29853 4.57115
      vertex 62.3 -2.29853 3.47115
    endloop
  endfacet
  facet normal 1 0 0
    outer loop
      vertex 62.3 -1.34836 3.4707
      vertex 62.3 -2.29853 3.47115
      vertex 62.3 -2.29836 3.4707
    endloop
  endfacet
  facet normal 1 -0 0
    outer loop
      vertex 62.3 1.34836 4.5707
      vertex 62.3 2.29853 3.47115
      vertex 62.3 2.29853 4.57115
    endloop
  endfacet
  facet normal 1 0 0
    outer loop
      vertex 62.3 1.34836 4.5707
      vertex 62.3 2.29853 4.57115
      vertex 62.3 1.34853 4.57115
    endloop
  endfacet
  facet normal 1 0 0
    outer loop
      vertex 62.3 1.34836 3.4707
      vertex 62.3 2.29853 3.47115
      vertex 62.3 1.34836 4.5707
    endloop
  endfacet
  facet normal 1 0 0
    outer loop
      vertex 62.3 2.29853 3.47115
      vertex 62.3 1.34836 3.4707
      vertex 62.3 2.29836 3.4707
    endloop
  endfacet
  facet normal 0 0 -1
    outer loop
      vertex 4 -0.116666 3.9375
      vertex 62.3 0.116666 3.9375
      vertex 62.3 -0.116666 3.9375
    endloop
  endfacet
  facet normal -0 0 -1
    outer loop
      vertex 62.3 0.116666 3.9375
      vertex 4 -0.116666 3.9375
      vertex 4 0.116666 3.9375
    endloop
  endfacet
  facet normal -0 0 1
    outer loop
      vertex 4 0.116666 1.2
      vertex 62.3 -0.116666 1.2
      vertex 62.3 0.116666 1.2
    endloop
  endfacet
  facet normal 0 0 1
    outer loop
      vertex 62.3 -0.116666 1.2
      vertex 4 0.116666 1.2
      vertex 4 -0.116666 1.2
    endloop
  endfacet
  facet normal 1 -0 0
    outer loop
      vertex 4 -0.116666 3.9375
      vertex 4 0.116666 1.2
      vertex 4 0.116666 3.9375
    endloop
  endfacet
  facet normal 1 0 0
    outer loop
      vertex 4 0.116666 1.2
      vertex 4 -0.116666 3.9375
      vertex 4 -0.116666 1.2
    endloop
  endfacet
  facet normal 0 -1 0
    outer loop
      vertex 4 0.116666 1.2
      vertex 62.3 0.116666 3.9375
      vertex 4 0.116666 3.9375
    endloop
  endfacet
  facet normal 0 -1 -0
    outer loop
      vertex 62.3 0.116666 3.9375
      vertex 4 0.116666 1.2
      vertex 62.3 0.116666 1.2
    endloop
  endfacet
  facet normal 0 1 -0
    outer loop
      vertex 62.3 -0.116666 1.2
      vertex 4 -0.116666 3.9375
      vertex 62.3 -0.116666 3.9375
    endloop
  endfacet
  facet normal 0 1 0
    outer loop
      vertex 4 -0.116666 3.9375
      vertex 62.3 -0.116666 1.2
      vertex 4 -0.116666 1.2
    endloop
  endfacet
  facet normal -1 0 0
    outer loop
      vertex 3 1.85773 4.8078
      vertex 3 2 5.60156
      vertex 3 2 4.8078
    endloop
  endfacet
  facet normal -1 -0 0
    outer loop
      vertex 3 2 5.60156
      vertex 3 1.85773 4.8078
      vertex 3 1.85773 5.60156
    endloop
  endfacet
  facet normal -1 0 0
    outer loop
      vertex 3 -2 4.8078
      vertex 3 -1.85773 5.60156
      vertex 3 -1.85773 4.8078
    endloop
  endfacet
  facet normal -1 -0 0
    outer loop
      vertex 3 -1.85773 5.60156
      vertex 3 -2 4.8078
      vertex 3 -2 5.60156
    endloop
  endfacet
  facet normal -1 0 0
    outer loop
      vertex 3 -1.84572 0.835131
      vertex 3 1.84572 0.835131
      vertex 3 1.76983 0.601562
    endloop
  endfacet
  facet normal -1 0 0
    outer loop
      vertex 3 1.84572 0.835131
      vertex 3 -1.84572 0.835131
      vertex 3 1.84572 5.32312
    endloop
  endfacet
  facet normal -1 0 0
    outer loop
      vertex 3 1.84572 5.32312
      vertex 3 -1.84572 5.32312
      vertex 3 1.75525 5.60156
    endloop
  endfacet
  facet normal -1 0 0
    outer loop
      vertex 3 -1.84572 0.835131
      vertex 3 1.76983 0.601562
      vertex 3 -1.76983 0.601562
    endloop
  endfacet
  facet normal -1 -0 0
    outer loop
      vertex 3 1.84572 5.32312
      vertex 3 -1.84572 0.835131
      vertex 3 -1.84572 5.32312
    endloop
  endfacet
  facet normal -1 -0 0
    outer loop
      vertex 3 1.75525 5.60156
      vertex 3 -1.84572 5.32312
      vertex 3 -1.75525 5.60156
    endloop
  endfacet
  facet normal 0 0 -1
    outer loop
      vertex 0.99 1.875 5.60156
      vertex 3 2 5.60156
      vertex 3 1.85773 5.60156
    endloop
  endfacet
  facet normal -0 0 -1
    outer loop
      vertex 3 2 5.60156
      vertex 0.99 1.875 5.60156
      vertex 0.99 2 5.60156
    endloop
  endfacet
  facet normal 0 0 -1
    outer loop
      vertex 0.99 -2 5.60156
      vertex 3 -1.85773 5.60156
      vertex 3 -2 5.60156
    endloop
  endfacet
  facet normal 0 0 -1
    outer loop
      vertex 3 -1.85773 5.60156
      vertex 0.99 -2 5.60156
      vertex 0.99 -1.875 5.60156
    endloop
  endfacet
  facet normal 0 0 -1
    outer loop
      vertex 1.01 -1.78692 5.60156
      vertex 3 1.75525 5.60156
      vertex 3 -1.75525 5.60156
    endloop
  endfacet
  facet normal 0 0 -1
    outer loop
      vertex 1.01 -1.78692 5.60156
      vertex 1.01 1.78692 5.60156
      vertex 3 1.75525 5.60156
    endloop
  endfacet
  facet normal 0 0 -1
    outer loop
      vertex 0.927419 -1.77701 5.60156
      vertex 1.01 -1.78692 5.60156
      vertex 0.990001 -1.78692 5.60156
    endloop
  endfacet
  facet normal 0 0 -1
    outer loop
      vertex 1.01 -1.78692 5.60156
      vertex 0.0880804 -0.884999 5.60156
      vertex 1.01 1.78692 5.60156
    endloop
  endfacet
  facet normal 0 0 -1
    outer loop
      vertex 0.0979924 -0.947581 5.60156
      vertex 1.01 -1.78692 5.60156
      vertex 0.927419 -1.77701 5.60156
    endloop
  endfacet
  facet normal 0 0 -1
    outer loop
      vertex 0.0880804 0.884999 5.60156
      vertex 1.01 1.78692 5.60156
      vertex 0.0880804 -0.884999 5.60156
    endloop
  endfacet
  facet normal 0 0 -1
    outer loop
      vertex 0.516321 -1.64343 5.60156
      vertex 0.927419 -1.77701 5.60156
      vertex 0.711293 -1.74278 5.60156
    endloop
  endfacet
  facet normal 0 -0 -1
    outer loop
      vertex 0.0979924 0.947581 5.60156
      vertex 1.01 1.78692 5.60156
      vertex 0.0880804 0.884999 5.60156
    endloop
  endfacet
  facet normal 0 0 -1
    outer loop
      vertex 0.927419 -1.77701 5.60156
      vertex 0.516321 -1.64343 5.60156
      vertex 0.0979924 -0.947581 5.60156
    endloop
  endfacet
  facet normal -0 0 -1
    outer loop
      vertex 1.01 1.78692 5.60156
      vertex 0.927419 1.77701 5.60156
      vertex 0.990001 1.78692 5.60156
    endloop
  endfacet
  facet normal 0 0 -1
    outer loop
      vertex 0.231566 -1.35868 5.60156
      vertex 0.516321 -1.64343 5.60156
      vertex 0.459865 -1.61467 5.60156
    endloop
  endfacet
  facet normal 0 0 -1
    outer loop
      vertex 1.01 1.78692 5.60156
      vertex 0.0979924 0.947581 5.60156
      vertex 0.927419 1.77701 5.60156
    endloop
  endfacet
  facet normal 0 0 -1
    outer loop
      vertex 0.231566 -1.35868 5.60156
      vertex 0.459865 -1.61467 5.60156
      vertex 0.260332 -1.41513 5.60156
    endloop
  endfacet
  facet normal 0 -0 -1
    outer loop
      vertex 0.516321 1.64343 5.60156
      vertex 0.927419 1.77701 5.60156
      vertex 0.0979924 0.947581 5.60156
    endloop
  endfacet
  facet normal 0 0 -1
    outer loop
      vertex 0.516321 -1.64343 5.60156
      vertex 0.231566 -1.35868 5.60156
      vertex 0.0979924 -0.947581 5.60156
    endloop
  endfacet
  facet normal 0 0 -1
    outer loop
      vertex 0.927419 1.77701 5.60156
      vertex 0.516321 1.64343 5.60156
      vertex 0.711293 1.74278 5.60156
    endloop
  endfacet
  facet normal 0 0 -1
    outer loop
      vertex 0.0979924 -0.947581 5.60156
      vertex 0.231566 -1.35868 5.60156
      vertex 0.132223 -1.16371 5.60156
    endloop
  endfacet
  facet normal 0 0 -1
    outer loop
      vertex 1.01 -1.78692 5.60156
      vertex 0.0979924 -0.947581 5.60156
      vertex 0.0880804 -0.884999 5.60156
    endloop
  endfacet
  facet normal 0 -0 -1
    outer loop
      vertex 0.231566 1.35868 5.60156
      vertex 0.516321 1.64343 5.60156
      vertex 0.0979924 0.947581 5.60156
    endloop
  endfacet
  facet normal 0 0 -1
    outer loop
      vertex 0.231566 1.35868 5.60156
      vertex 0.0979924 0.947581 5.60156
      vertex 0.132223 1.16371 5.60156
    endloop
  endfacet
  facet normal 0 0 -1
    outer loop
      vertex 0.459865 1.61467 5.60156
      vertex 0.231566 1.35868 5.60156
      vertex 0.260332 1.41513 5.60156
    endloop
  endfacet
  facet normal 0 0 -1
    outer loop
      vertex 0.516321 1.64343 5.60156
      vertex 0.231566 1.35868 5.60156
      vertex 0.459865 1.61467 5.60156
    endloop
  endfacet
  facet normal 0 0 1
    outer loop
      vertex 1.01 1.78692 0.601562
      vertex 3 -1.76983 0.601562
      vertex 3 1.76983 0.601562
    endloop
  endfacet
  facet normal 0 0 1
    outer loop
      vertex 1.01 1.78692 0.601562
      vertex 1.01 -1.78692 0.601562
      vertex 3 -1.76983 0.601562
    endloop
  endfacet
  facet normal 0 0 1
    outer loop
      vertex 0.927419 1.77701 0.601562
      vertex 1.01 1.78692 0.601562
      vertex 0.990001 1.78692 0.601562
    endloop
  endfacet
  facet normal 0 0 1
    outer loop
      vertex 1.01 1.78692 0.601562
      vertex 0.0880804 0.884999 0.601562
      vertex 1.01 -1.78692 0.601562
    endloop
  endfacet
  facet normal 0 0 1
    outer loop
      vertex 0.0979924 0.947581 0.601562
      vertex 1.01 1.78692 0.601562
      vertex 0.927419 1.77701 0.601562
    endloop
  endfacet
  facet normal -0 0 1
    outer loop
      vertex 0.0880804 -0.884999 0.601562
      vertex 1.01 -1.78692 0.601562
      vertex 0.0880804 0.884999 0.601562
    endloop
  endfacet
  facet normal 0 0 1
    outer loop
      vertex 0.516321 1.64343 0.601562
      vertex 0.927419 1.77701 0.601562
      vertex 0.711293 1.74278 0.601562
    endloop
  endfacet
  facet normal -0 -0 1
    outer loop
      vertex 0.0979924 -0.947581 0.601562
      vertex 1.01 -1.78692 0.601562
      vertex 0.0880804 -0.884999 0.601562
    endloop
  endfacet
  facet normal 0 0 1
    outer loop
      vertex 0.927419 1.77701 0.601562
      vertex 0.516321 1.64343 0.601562
      vertex 0.0979924 0.947581 0.601562
    endloop
  endfacet
  facet normal 0 0 1
    outer loop
      vertex 1.01 -1.78692 0.601562
      vertex 0.927419 -1.77701 0.601562
      vertex 0.990001 -1.78692 0.601562
    endloop
  endfacet
  facet normal 0 0 1
    outer loop
      vertex 0.231566 1.35868 0.601562
      vertex 0.516321 1.64343 0.601562
      vertex 0.459865 1.61467 0.601562
    endloop
  endfacet
  facet normal 0 0 1
    outer loop
      vertex 1.01 -1.78692 0.601562
      vertex 0.0979924 -0.947581 0.601562
      vertex 0.927419 -1.77701 0.601562
    endloop
  endfacet
  facet normal 0 0 1
    outer loop
      vertex 0.231566 1.35868 0.601562
      vertex 0.459865 1.61467 0.601562
      vertex 0.260332 1.41513 0.601562
    endloop
  endfacet
  facet normal -0 -0 1
    outer loop
      vertex 0.516321 -1.64343 0.601562
      vertex 0.927419 -1.77701 0.601562
      vertex 0.0979924 -0.947581 0.601562
    endloop
  endfacet
  facet normal 0 0 1
    outer loop
      vertex 0.516321 1.64343 0.601562
      vertex 0.231566 1.35868 0.601562
      vertex 0.0979924 0.947581 0.601562
    endloop
  endfacet
  facet normal 0 0 1
    outer loop
      vertex 0.927419 -1.77701 0.601562
      vertex 0.516321 -1.64343 0.601562
      vertex 0.711293 -1.74278 0.601562
    endloop
  endfacet
  facet normal 0 0 1
    outer loop
      vertex 0.0979924 0.947581 0.601562
      vertex 0.231566 1.35868 0.601562
      vertex 0.132223 1.16371 0.601562
    endloop
  endfacet
  facet normal 0 0 1
    outer loop
      vertex 1.01 1.78692 0.601562
      vertex 0.0979924 0.947581 0.601562
      vertex 0.0880804 0.884999 0.601562
    endloop
  endfacet
  facet normal -0 -0 1
    outer loop
      vertex 0.231566 -1.35868 0.601562
      vertex 0.516321 -1.64343 0.601562
      vertex 0.0979924 -0.947581 0.601562
    endloop
  endfacet
  facet normal 0 0 1
    outer loop
      vertex 0.231566 -1.35868 0.601562
      vertex 0.0979924 -0.947581 0.601562
      vertex 0.132223 -1.16371 0.601562
    endloop
  endfacet
  facet normal 0 0 1
    outer loop
      vertex 0.459865 -1.61467 0.601562
      vertex 0.231566 -1.35868 0.601562
      vertex 0.260332 -1.41513 0.601562
    endloop
  endfacet
  facet normal 0 0 1
    outer loop
      vertex 0.516321 -1.64343 0.601562
      vertex 0.231566 -1.35868 0.601562
      vertex 0.459865 -1.61467 0.601562
    endloop
  endfacet
  facet normal 0 -1 0
    outer loop
      vertex 0.99 2 4.85312
      vertex 3 2 5.60156
      vertex 0.99 2 5.60156
    endloop
  endfacet
  facet normal 0 -1 -0
    outer loop
      vertex 3 2 5.60156
      vertex 0.99 2 4.85312
      vertex 3 2 4.8078
    endloop
  endfacet
  facet normal 0 1 0
    outer loop
      vertex 3 -2 5.60156
      vertex 0.99 -2 4.85312
      vertex 0.99 -2 5.60156
    endloop
  endfacet
  facet normal -0 1 0
    outer loop
      vertex 0.99 -2 4.85312
      vertex 3 -2 5.60156
      vertex 3 -2 4.8078
    endloop
  endfacet
endsolid OpenSCAD_Model
